Player,Skill Tier,time_played,games_won,win_percentage,weapon_accuracy_best_in_game,eliminations_per_life,kill_streak_best,eliminations_avg_per_10_min,deaths_avg_per_10_min,final_blows_avg_per_10_min,solo_kills_avg_per_10_min,objective_kills_avg_per_10_min,objective_time_avg_per_10_min,hero_damage_done_avg_per_10_min,healing_done_avg_per_10_min,scoped_accuracy_best_in_game,self_healing,self_healing_most_in_game,enemies_slept,nano_boost_assists,unscoped_accuracy_best_in_game,enemies_slept_most_in_game,nano_boost_assists_most_in_game,biotic_grenade_kills
PD22#11569,Bronze,6690,7,61,24,2.33,11,12.56,5.38,3.59,0.27,5.56,55,3535,6287,86,2004,335,72,37,57,10,11,71
glorytrooper#1339,Bronze,51987,53,65,49,2.77,16,13.25,4.78,3.99,0.43,5.98,53,4152,6208,100,8347,391,589,228,76,17,10,512
LucasTheVexd#1253,Bronze,1680,0,5,29,1,5,9.29,9.29,1.79,0,3.21,63,3568,5352,50,1329,606,25,0,57,8,0,13
Poi#21548,Bronze,8759,9,61,25,1.29,6,9.45,7.33,2.4,0.14,4.52,55,4037,6657,100,1508,385,88,25,51,12,5,87
benedryl#1748,Bronze,3793,1,21,38,1.92,8,10.92,5.69,4.75,0.95,3.16,47,4159,6903,69,1907,585,35,12,65,11,4,30
DonmastrO#2898,Bronze,1184,0,22,28,1.35,4,11.66,8.62,1.52,0,3.55,74,3724,8147,71,846,356,14,5,75,7,4,13
DeBanshee#1560,Bronze,35621,33,62,100,1.83,13,11.08,6.06,2.83,0.1,6.0,113,3778,6349,100,17615,729,252,115,70,11,10,289
Kamerica#1198,Bronze,1726,2,54,28,0.81,4,7.3,9.04,1.39,0,4.17,130,2343,6113,100,1062,327,20,7,58,5,3,9
AnNYAN#21526,Bronze,730,2,100,31,1.83,3,9.04,4.93,4.11,0.82,3.29,129,4062,8022,82,759,507,9,2,52,5,2,3
soyistaken#2484,Bronze,44524,45,60,53,1.71,11,10.26,5.98,2.82,0.2,4.96,60,3412,7276,100,25751,1020,253,158,79,15,10,311
batattackk#1401,Bronze,861,1,51,33,1.75,5,9.76,5.58,4.88,0,6.97,81,3345,6050,71,328,166,3,4,62,2,2,6
InkiePie#1760,Bronze,18361,15,52,61,1.38,11,10.23,7.42,2.48,0.1,5.2,102,3448,6406,100,4081,426,176,88,100,8,5,146
BitStinker#1564,Bronze,1169,1,89,44,1.29,4,11.29,8.73,4.11,0.51,5.65,46,4460,5465,78,509,273,11,4,59,6,2,11
reew#21907,Bronze,26499,26,62,58,1.81,9,10.6,5.84,3.46,0.32,5.03,78,3817,7221,100,12294,962,280,107,80,15,9,226
MikeMeerkat#2621,Bronze,2446,2,52,29,2.13,11,12.51,5.89,4.17,0.74,3.92,46,3598,7719,65,1319,520,8,12,61,5,5,20
我魚也#3589,Bronze,5755,6,59,23,1.35,5,8.44,6.26,2.09,0.1,4.69,94,2264,8681,80,2882,574,38,21,60,7,5,43
intoTHEstorm#11532,Bronze,4268,5,57,33,2.93,9,11.53,3.94,2.95,0.7,5.76,29,3618,8145,68,1183,334,20,26,64,4,10,29
근혜는두근두근혜#3323,Bronze,27949,22,49,57,1.66,13,11.59,7.0,3.84,0.49,4.1,66,4138,5415,100,16399,896,304,129,76,14,12,256
Jeffoxxx#11557,Bronze,1181,0,17,46,1.23,5,8.13,6.6,3.56,0,4.57,106,4259,7728,100,455,249,10,4,72,5,3,7
snepshroom#1831,Bronze,2750,3,80,43,5.64,15,13.53,2.4,3.49,0.22,5.24,48,4655,6770,79,2043,743,23,9,100,7,5,30
Archangel#16843,Bronze,2161,2,69,22,1.31,5,10.55,8.05,1.39,0.56,3.33,58,2361,5454,100,1217,486,16,7,51,6,3,16
BeansGun#1316,Bronze,168473,145,53,37,3.5,16,8.66,2.48,2.51,0.33,2.9,26,3356,6461,83,59690,774,866,582,72,13,11,1000
Miwtoo#1866,Bronze,1997,0,17,31,0.97,7,8.41,8.71,2.4,0,3.31,33,3249,6640,61,859,227,17,10,60,5,3,12
LiamJDoan#1626,Bronze,9402,11,74,29,1.76,10,10.34,5.87,2.11,0.13,5.23,64,2656,8357,100,1339,249,70,46,73,10,10,77
HigaRyuki#3744,Bronze,51845,39,46,58,1.2,10,8.08,6.75,2.04,0.14,3.92,71,3021,6176,100,19491,637,333,169,117,10,7,353
Chaos#24995,Bronze,315,1,100,10,0.75,2,5.72,7.63,1.91,1.91,0,85,1325,7048,75,161,161,2,0,51,2,0,2
Jinshu#2522,Bronze,46270,31,43,52,1.56,12,10.41,6.67,3.15,0.35,4.8,86,3293,6464,100,13680,504,296,190,72,18,7,323
WyomingSucks#1473,Bronze,2930,1,21,50,2.89,6,10.65,3.69,2.66,0.61,4.3,43,3178,5791,83,813,162,22,5,77,5,4,24
Tikapool#1356,Bronze,284,0,39,27,0.8,3,8.45,10.56,0,0,4.23,117,4267,5642,0,72,72,0,4,48,0,2,3
RunForrest#11380,Bronze,5833,7,57,50,4.27,17,16.25,3.81,7.2,1.85,5.55,19,5069,5022,71,2404,569,55,28,63,9,7,66
キラキラドーナツ#3414,Bronze,2940,0,0,29,1.71,6,9.8,5.71,3.06,0.41,3.06,91,3025,8151,64,2128,576,19,13,56,9,6,20
OlympianGame#1910,Bronze,11130,8,49,37,2.61,13,14.23,5.44,4.26,0.49,6.74,74,3927,6072,90,8608,1435,155,46,60,19,7,118
XiEta#21333,Bronze,3876,7,93,31,2.44,11,12.08,4.95,3.1,0.46,5.11,59,2806,6367,62,665,167,34,15,70,7,4,32
おけつ#3759,Bronze,16142,13,60,52,1.95,11,9.37,4.79,2.64,0.33,3.2,59,3354,8849,79,7721,681,144,47,84,13,9,91
rings42#1438,Bronze,25153,21,53,32,1.96,13,10.47,5.34,2.08,0.07,5.06,84,3988,6305,75,8311,483,191,92,55,12,9,222
LuxScavenger#1346,Bronze,11157,11,50,54,2.36,8,12.32,5.22,3.6,0.43,4.95,56,5196,5674,80,6764,562,93,48,80,12,5,90
WolfenFilms#1993,Bronze,15962,14,63,51,2.28,12,13.38,5.86,4.25,0.45,6.54,88,5427,5593,82,9570,1023,174,67,73,15,7,168
MemeMeister#11305,Bronze,1221,1,56,50,2.11,5,9.34,4.42,1.97,0.49,4.91,54,2819,6120,100,278,278,17,4,63,6,3,8
SquidToes#11473,Bronze,8212,9,65,43,2.12,11,11.91,5.63,2.92,0.22,6.14,68,3740,7170,75,4615,599,32,28,73,4,6,71
muxul#1156,Bronze,78970,51,42,52,3,13,9.33,3.11,2.84,0.6,3.66,31,3954,5358,83,27383,637,478,258,90,13,8,487
Psycopatus#21664,Bronze,37127,34,53,50,1.4,12,8.44,6.01,1.97,0.23,3.94,55,3082,5401,79,18025,940,352,100,75,13,7,217
Elika#21677,Bronze,44774,35,47,33,1.41,12,7.96,5.63,1.78,0.09,3.54,75,2468,7253,100,23024,660,339,137,62,9,8,288
AncientAI#2341,Bronze,181,0,0,19,0.33,1,3.31,9.94,0,0,0,5,4283,4427,67,234,234,1,3,38,1,3,1
Lilith#14936,Bronze,2675,1,30,26,1.12,4,8.3,7.4,1.12,0,5.16,60,2126,6039,67,1007,472,18,19,49,5,7,20
Sojourn#21934,Bronze,37761,32,51,37,1.71,8,9.14,5.34,2.69,0.32,4.26,51,2519,5974,77,18005,639,295,119,71,11,9,217
Snowberry#21433,Bronze,3597,4,79,42,1.71,6,10.01,5.84,2.0,0.33,2.84,24,2957,7196,68,978,347,25,13,84,6,4,26
JOHNDUPEE#1358,Bronze,946,1,99,24,3.4,5,10.79,3.17,3.17,0,4.44,33,2420,7947,100,10,10,10,7,62,7,6,7
SenseiBlaze#1652,Bronze,1231,0,24,19,1.2,4,8.77,7.31,2.44,0,2.92,38,3113,5670,49,363,140,6,7,46,6,4,7
Faceless#11801,Bronze,21553,18,51,37,2.12,11,11.33,5.35,3.06,0.28,5.32,48,3710,7315,83,7919,522,113,78,64,8,6,166
SOLENYA#21759,Bronze,6879,8,55,38,1.73,10,10.73,6.19,1.66,0,4.45,75,3580,4296,100,2363,341,46,25,51,8,7,57
Valkyrie#14658,Bronze,1323,1,100,21,2,4,9.07,4.53,1.36,0,2.27,11,3101,5537,53,501,429,7,2,53,7,2,7
NetShadow#2815,Bronze,14346,15,62,47,3.15,12,12.8,4.06,3.89,0.71,4.89,37,3899,7420,100,4470,388,123,53,74,9,6,98
Materwelon#3323,Bronze,1652,0,0,27,2.36,7,11.98,5.08,3.99,0.36,4.72,50,3794,8222,61,748,406,15,3,59,10,2,20
Muraza#1734,Bronze,10911,7,38,43,1.57,12,10.17,6.49,2.25,0.49,4.95,73,3841,6082,100,5262,568,116,34,74,10,5,77
hectarechan#3403,Bronze,1702,2,41,24,2.08,6,8.82,4.23,2.82,0.71,3.17,67,3086,6250,100,766,251,6,3,47,3,1,11
superKRK#2903,Bronze,25549,19,44,75,1.58,11,11.48,7.28,3.43,0.31,4.84,74,4203,5171,91,11893,667,164,72,78,9,6,235
Rauber101#1921,Bronze,15469,14,56,59,1.68,11,9.5,5.66,2.33,0.04,4.62,76,2881,6551,75,9629,578,87,64,67,6,5,94
MrPigeon#21335,Bronze,12511,11,59,38,2.03,22,11.22,5.51,3.74,0.53,5.04,54,3185,7751,73,7598,947,71,60,65,11,9,87
Faye#11464,Bronze,31727,22,48,44,1.16,8,6.86,5.9,1.51,0.06,3.27,59,2411,7185,100,11628,459,187,131,74,9,8,177
Storm179#1759,Bronze,1654,2,70,25,1.29,4,7.98,6.17,1.45,0,4.35,35,2271,6193,61,546,474,13,6,50,9,3,7
fonz85#11192,Bronze,5103,4,50,21,1.38,6,8.11,5.88,1.53,0,5.06,77,2962,5917,100,1035,270,26,28,44,5,7,40
d349kill#1791,Bronze,17754,15,50,33,1.74,9,8.35,4.8,1.52,0.14,3.45,49,2930,7689,84,4762,378,129,67,65,8,7,114
Clowndidler#1940,Bronze,14192,10,46,79,1.44,15,11.33,7.86,4.14,0.76,3.97,51,3983,5242,94,6627,472,145,41,105,12,7,112
padonn#3367,Bronze,18190,15,51,34,1.22,7,7.95,6.53,1.91,0.13,4.12,79,2993,6529,100,6817,471,90,69,62,8,8,96
Authentic#11213,Bronze,13631,12,45,34,2.34,9,10.52,4.49,2.64,0.48,5.15,48,3295,7206,74,4916,564,108,42,66,9,5,113
accelerator#31123,Bronze,8951,9,60,20,1.8,14,9.79,5.43,1.47,0.27,3.82,46,3043,6789,57,2348,381,84,36,44,9,5,65
Vidnasty#1761,Bronze,13024,13,62,53,2.32,15,12.39,5.34,3.69,0.51,5.02,25,4521,5735,82,3022,306,82,47,67,7,7,64
LIGHTNINĢ#2495,Bronze,14816,9,43,50,1.54,9,11.58,7.53,2.55,0.2,5.31,89,3828,6138,100,9191,803,120,41,67,10,5,136
메밀전병#31245,Bronze,12083,12,59,33,1.48,9,7.65,5.16,1.24,0.2,2.68,25,2427,6596,85,3582,378,82,53,100,8,5,79
Aalula#2554,Bronze,15595,15,65,40,1.18,6,7.0,5.93,1.15,0.08,3.35,69,2059,8074,86,4292,493,92,65,100,8,9,71
GrayFox#11405,Bronze,507,1,100,29,1.43,4,11.84,8.29,1.18,0,9.47,43,3152,6736,55,117,117,3,0,63,3,0,1
Cologen#1812,Bronze,523,1,86,16,3,3,10.33,3.44,1.15,0,3.44,10,2955,6279,36,380,205,5,4,50,2,2,5
pinomi#3377,Bronze,17322,15,47,44,1.02,7,5.99,5.89,0.97,0.07,2.63,50,2487,7067,75,5751,446,98,62,74,10,5,93
Chill#11564,Bronze,1265,2,74,38,2.92,8,18.02,6.16,6.64,1.42,6.16,43,4772,6147,62,414,234,24,4,64,9,2,15
NUMNARD#1281,Bronze,11376,9,49,35,2.13,12,10.23,4.8,2.32,0.26,4.22,63,3002,7195,76,5660,602,101,42,62,9,5,97
Crimsonshade#21908,Bronze,10769,6,34,50,1.28,8,7.41,5.79,1.62,0.11,3.9,86,2513,7398,100,5866,665,103,40,105,11,6,47
ShadowDragon#1660206,Bronze,490,0,0,18,1.25,3,6.12,4.89,1.22,0,1.22,23,2268,9490,61,227,155,1,0,55,1,0,1
Klishner#1259,Bronze,127,0,0,16,0.5,1,4.72,9.44,0,0,0,0,2196,13062,40,90,90,1,0,65,1,0,0
finn2d2#2853,Bronze,4433,3,46,100,2.62,7,13.8,5.28,3.79,1.08,6.5,47,4580,5863,100,2057,363,33,16,100,8,3,44
Minio#11546,Bronze,8750,7,49,30,2.39,12,10.97,4.59,2.67,0,5.35,51,2776,7129,100,4025,420,54,27,113,8,4,92
ItsjustRings#1668,Bronze,2923,2,32,44,1.21,7,8.42,6.98,1.64,0,3.7,31,4367,5813,79,548,234,19,10,56,8,4,19
TTVLimboChan#1894,Bronze,1094,1,91,71,1.36,6,10.42,7.68,3.29,1.1,6.03,24,3043,5700,46,165,72,9,6,71,7,4,7
Wheatfree#1383,Bronze,1980,2,55,39,3.27,12,14.85,4.55,5.15,0,9.39,167,3396,6651,88,970,469,19,9,73,9,5,22
yuki#33138,Bronze,12486,11,58,34,1.21,10,7.54,6.25,1.59,0.1,3.17,60,2719,8020,71,6010,527,63,49,69,6,5,72
Kurzon#1732,Bronze,1222,0,5,22,1.5,8,10.31,6.87,2.45,0,5.4,51,3287,6833,100,109,72,10,3,65,6,2,11
uidoragon#1123,Bronze,72,0,0,35,1,1,16.62,16.62,8.31,0,16.62,157,3656,5574,25,62,62,2,0,56,2,0,1
Stryder#1364,Bronze,12749,8,44,88,2.37,12,9.27,3.91,3.15,0.52,4.33,81,3007,8167,100,6211,795,77,58,93,13,13,120
BlackAngel04#2456,Silver,1578,1,66,29,1.77,7,8.74,4.94,1.14,0,3.42,31,4719,7492,65,339,216,23,4,53,12,4,11
Sentoki#2510,Silver,1329,2,87,26,1.21,5,7.68,6.32,3.16,0.9,4.06,31,3863,5508,52,571,387,10,7,55,6,4,9
benkenshin#1202,Silver,15557,16,64,37,1.55,10,10.22,6.59,2.97,0.23,4.44,71,3357,7131,100,9407,623,158,88,100,12,10,114
fomo4ka#21770,Silver,4533,4,72,27,1.22,8,9.66,7.94,1.32,0.13,5.16,81,3443,6161,56,1451,420,54,25,60,9,4,28
Sassy420#2421,Silver,127739,100,51,71,2.29,14,10.43,4.56,2.71,0.16,4.39,53,3095,8084,100,42036,988,1018,501,91,13,9,1037
Nisfero#2709,Silver,4813,3,35,36,1.75,12,10.47,5.98,2.87,0,3.49,48,2653,7830,80,1351,253,47,25,83,9,5,43
whtlicorice#1342,Silver,93187,77,56,50,2.9,18,12.74,4.4,2.85,0.14,4.66,36,4530,7202,79,23897,794,821,439,78,18,10,817
eichya#3824,Silver,118322,92,52,38,1.68,12,9.0,5.35,2.24,0.15,4.31,71,3084,8717,81,38401,809,809,496,100,16,10,878
StrawBrrySlt#1250,Silver,52251,89,93,56,2.98,15,13.16,4.42,3.02,0.18,5.56,47,3200,7741,100,16434,681,403,345,83,15,12,483
ktisleet#1599,Silver,344,0,21,21,2.33,4,12.22,5.24,1.75,0,5.24,70,5031,6661,43,135,72,6,1,39,5,1,4
Magicpop#1105,Silver,8131,7,55,46,1.99,13,10.4,5.24,2.73,0.07,4.8,49,3539,7563,71,3497,560,51,36,72,8,6,53
AndyCr15#2763,Silver,1243,1,75,34,2.58,6,14.96,5.79,2.41,0,7.72,119,4787,6635,57,333,333,10,4,58,6,2,17
dyd4dsh7#1192,Silver,128,0,0,48,1.33,2,18.71,14.04,0,0,4.68,10,5139,3051,61,74,74,1,0,58,1,0,1
비둘기짱#3900,Silver,4248,4,72,100,2.61,6,10.31,3.96,2.54,0,4.94,94,2831,9277,100,1477,342,30,17,100,7,4,51
Circa#11597,Silver,51809,51,63,47,1.95,10,9.59,4.92,2.3,0.05,4.38,69,3000,8090,100,21432,777,346,242,100,9,9,327
korpz#11954,Silver,3197,5,100,24,3.19,7,12.57,3.94,3.94,0.19,6.19,98,3657,8520,61,1345,498,18,14,57,6,5,36
ItsZeed#2550,Silver,8142,10,77,35,3.09,10,12.75,4.13,2.65,0.22,5.31,38,2983,7986,67,2725,418,62,50,74,8,9,80
CleanBison#1959,Silver,40957,39,59,56,2.08,12,10.25,4.92,2.17,0.16,4.44,66,3063,8048,100,14971,475,324,197,90,10,12,329
Sirenuka#2816,Silver,4426,3,46,26,1.25,7,8.81,7.05,1.08,0,5.42,76,2485,8317,79,1737,699,47,28,68,10,7,32
Novva#11929,Silver,4680,3,32,43,0.8,6,6.03,7.56,0.9,0,2.44,57,2287,5966,80,1388,269,30,13,69,5,4,31
TheMtnMan#11421,Silver,54582,38,47,68,2.25,11,11.27,5.01,3.28,0.53,4.68,55,3576,7167,88,21015,689,553,252,79,18,11,492
Smoletta#2633,Silver,49,0,100,19,0,0,0,24.51,0,0,0,0,4413,6244,0,0,0,0,0,41,0,0,0
마하바르타#3130,Silver,2663,4,78,31,1.56,9,9.46,6.08,2.7,0,3.83,85,3294,6215,66,1356,624,17,17,54,5,8,22
Canarchicho#2305,Silver,2501,2,54,31,2.04,10,12.23,6.0,0.96,0,6.24,76,3660,5970,63,933,361,23,11,50,8,4,26
PizzaplayMDQ#1171,Silver,4829,3,48,31,2.31,15,11.18,4.85,3.11,0.37,5.96,78,3984,7063,67,2797,753,49,15,56,14,5,45
あいぶら#1168,Silver,465,0,100,13,0.67,1,2.58,3.87,0,0,0,3,2084,10873,42,90,90,5,4,51,5,4,1
HerbalTurtle#2398,Silver,3272,2,41,19,1.26,9,9.9,7.88,1.65,0,3.67,74,2600,6126,71,1620,529,20,11,52,6,3,29
knur#21226,Silver,1430,1,27,36,1.53,4,9.65,6.29,1.26,0,3.36,69,2437,6483,82,490,239,13,5,61,4,2,12
shegan#21143,Silver,7217,6,57,43,2.08,9,10.89,5.24,2.66,0.25,3.74,40,3557,7226,100,3499,438,82,27,76,13,7,55
オーセ#3360,Silver,770,0,0,24,2.13,5,13.24,6.23,3.12,0.78,1.56,39,4912,6465,60,144,144,6,1,51,6,1,12
Dub#11298,Silver,4169,3,53,23,1.91,8,8.78,4.61,1.44,0,4.46,83,2624,7805,73,2280,497,26,23,54,7,5,29
Nocapla#21798,Silver,2488,2,49,28,1.8,6,8.68,4.82,3.14,0,5.55,77,3331,7816,66,883,392,18,9,64,7,4,17
Almost#11449,Silver,2187,2,50,28,1.03,5,8.51,8.23,2.19,0,1.92,89,2747,6555,88,933,244,9,9,63,3,4,16
PD22#11569,Silver,6690,7,61,24,2.33,11,12.56,5.38,3.59,0.27,5.56,55,3535,6287,86,2004,335,72,37,57,10,11,71
choephori#1371,Silver,5249,6,70,36,1.68,6,9.03,5.37,2.51,0.34,4.46,75,2479,8056,85,2123,395,28,28,65,6,6,29
Highbreaker#1184,Silver,7739,8,53,36,1.31,7,9.23,7.06,1.94,0,2.87,52,2615,7013,79,4587,522,50,32,64,6,5,64
YuYuJ#2495,Silver,49690,36,45,75,1.56,12,10.53,6.76,3.19,0.34,4.64,78,3901,6349,78,22841,1026,412,216,70,13,9,358
Dispensable#2243,Silver,96379,73,49,100,1.37,12,7.86,5.75,1.87,0.15,3.58,58,2364,8825,100,31924,703,687,375,69,11,10,690
knyme#2280,Silver,2496,1,21,30,1.6,9,11.54,7.21,2.89,0,3.85,69,3076,8524,71,1176,255,31,10,71,8,5,22
Sn4kEy#21793,Silver,12563,14,67,35,1.91,10,10.22,5.35,2.67,0.33,4.06,65,3325,6648,71,7277,1091,71,43,78,10,7,90
softsara#2637,Silver,734,1,60,11,1,3,8.18,8.18,1.64,0.82,1.64,67,3120,6750,45,446,284,7,2,53,3,2,5
Medium#21102,Silver,36508,32,55,50,1.91,11,9.89,5.19,2.65,0.2,4.37,68,3499,6498,100,11610,544,380,114,67,14,6,266
Genseric#11560,Silver,54584,33,41,100,1.36,10,9.74,7.18,2.65,0.22,4.8,78,3611,6167,78,25448,863,489,214,150,16,11,391
Ƙendji#2374,Silver,573,0,0,21,4,6,16.76,4.19,3.14,0,7.33,162,3976,7026,59,90,90,6,3,54,6,3,7
ILLFader#2211,Silver,56401,38,47,100,1.72,14,8.91,5.18,1.82,0.07,4.17,64,2889,8220,82,18080,626,394,280,93,12,10,404
岳山#3832,Silver,28795,30,65,51,2.52,12,9.25,3.67,2.4,0.23,4.15,61,3253,8981,79,11596,543,136,115,89,7,10,222
Texyc#1334,Silver,2960,3,74,35,2.39,6,11.15,4.66,2.23,0,5.68,77,2945,9764,81,2657,650,33,15,66,9,5,25
Hlog#21604,Silver,47952,39,53,33,1.28,11,10.27,8.02,2.26,0.09,4.28,54,3700,6113,100,19927,810,469,210,63,21,8,413
Doodles#11563,Silver,17710,16,57,50,1.96,12,11.28,5.76,2.68,0.14,6.71,81,3506,9337,100,11326,793,202,96,73,17,11,136
방열방위각#3563,Silver,620,1,100,15,3,5,8.71,2.9,0.97,0.97,3.87,114,3624,9108,63,222,222,4,1,40,4,1,6
NinjaUnmatch#1566,Silver,782,1,48,43,0.83,4,7.68,9.21,3.84,0.77,1.54,21,2493,5382,66,144,144,6,1,70,3,1,4
ludw#21934,Silver,11657,15,70,49,4.18,21,19.82,4.74,7.77,1.54,6.74,54,5688,7212,73,6397,549,183,75,100,18,10,169
Witch#11481,Silver,4268,2,35,64,0.84,5,6.47,7.73,1.41,0,3.23,51,3535,6391,78,1244,180,25,14,72,4,4,20
Dome#2261,Silver,4507,3,49,24,1.6,5,10.25,6.39,2.26,0.13,4.13,67,2759,8403,78,4085,1039,28,19,65,9,5,36
Mrpugglez#1968,Silver,27556,23,53,36,2.15,12,10.89,5.07,3.16,0.24,4.57,68,3694,7284,77,13278,653,261,135,72,15,9,220
Francis#12265,Silver,1077,0,0,28,0.5,2,5.57,11.14,2.79,0.56,0.56,9,3105,6018,63,861,407,6,3,53,2,2,6
Blackheart#12209,Silver,31095,25,55,44,1.46,7,9.8,6.73,2.35,0.14,4.48,61,3089,7060,100,6889,386,268,127,78,13,6,245
Hopper#11340,Silver,31264,24,49,36,1.75,11,10.31,5.87,2.65,0.27,5.45,97,3413,6425,100,6582,464,299,155,65,13,10,292
Kamerica#1198,Silver,1726,2,54,28,0.81,4,7.3,9.04,1.39,0,4.17,130,2343,6113,100,1062,327,20,7,58,5,3,9
ArcticWolf#2455,Silver,502,1,100,22,0,6,11.94,0,2.39,0,4.78,3,2439,10496,59,72,72,3,4,67,3,4,3
DonmastrO#2898,Silver,1184,0,22,28,1.35,4,11.66,8.62,1.52,0,3.55,74,3724,8147,71,846,356,14,5,75,7,4,13
YoshiV#3314,Silver,785,1,36,26,1.75,5,10.7,6.12,3.82,0,3.06,28,4040,6681,69,271,162,7,0,62,5,0,5
tanixh#2292,Silver,5787,5,53,21,1.34,11,9.75,7.26,2.18,0,4.56,79,2826,8586,57,2435,503,44,24,53,9,8,44
Parzival#22336,Silver,83012,62,50,48,2.52,14,9.35,3.71,2.31,0.26,3.57,34,3243,7702,74,28617,634,345,324,76,9,10,513
Elysia#31720,Silver,45443,37,55,100,2.46,14,10.25,4.16,2.67,0.32,3.55,45,4108,8584,82,14803,646,275,246,80,12,12,304
ShartsFired#1237,Silver,40133,34,59,56,1.69,12,10.42,6.16,2.5,0.18,4.62,55,3981,6089,100,5383,317,365,166,100,13,9,313
BronzeQueen#2560,Silver,5324,3,48,30,1.96,10,9.92,5.07,2.37,0.34,4.06,67,2938,7089,68,3058,703,46,30,63,12,7,34
Neon142#2282,Silver,1035,1,56,28,3.13,6,14.49,4.64,4.64,0,9.27,66,4830,7044,72,372,226,13,5,54,5,4,13
VvBURNvV#1512,Silver,473,0,0,29,0.57,3,5.08,8.89,3.81,1.27,2.54,17,2215,7742,64,249,249,2,0,63,2,0,1
HELLO#15443,Silver,17436,24,85,38,2.69,14,11.18,4.16,2.99,0.14,5.16,72,3208,6180,74,8686,794,89,91,61,7,9,115
Kennster#1546,Silver,1602,2,58,34,1.41,7,11.61,8.24,3.0,0.37,7.49,136,4133,5283,68,381,219,19,11,73,5,5,12
Bumblebeese#1956,Silver,484,0,0,23,1,2,6.2,6.2,4.96,0,3.72,10,3359,7521,64,106,106,1,1,52,1,1,2
Amparo#21217,Silver,4335,2,32,38,1.54,13,8.72,5.67,2.21,0,4.84,79,2616,10227,100,2926,469,33,20,74,5,7,33
Chuck#13102,Silver,568,0,14,26,2.25,3,9.5,4.22,1.06,0,5.28,122,1933,9192,76,324,252,2,0,53,2,0,4
xDannyx13#1191,Silver,938,0,21,30,1.25,3,6.4,5.12,1.28,1.28,5.12,21,2615,8769,73,234,90,6,1,67,4,1,3
졸린곰#328841,Silver,3257,3,62,26,2.28,7,12.16,5.34,2.03,0.74,4.42,63,3205,7245,75,1584,468,14,16,57,4,6,33
zxerra#2629,Silver,4982,4,67,36,1.79,9,9.27,5.18,1.81,0,3.97,32,4056,6386,58,1275,344,28,25,68,7,9,35
Chrustina#1354,Silver,1188,1,45,36,1.42,3,8.58,6.06,1.01,0.5,4.04,66,2761,8518,64,224,152,9,5,65,5,4,4
ZorD#21840,Silver,1756,2,67,36,3.21,9,15.37,4.78,5.81,0.68,7.17,94,4773,7978,64,1268,638,13,7,59,9,3,18
CordiB#1762,Silver,48404,37,54,50,1.79,11,9.61,5.38,2.31,0.15,4.43,68,2934,7033,100,19971,810,377,177,100,11,7,399
RadioActiive#21890,Silver,17882,16,61,38,1.75,10,10.07,5.74,2.78,0.23,4.76,76,2904,7703,89,9228,1101,182,78,76,13,6,116
Shake213#1910,Silver,403,0,0,30,0.5,1,4.46,8.92,0,0,0,4,3167,7040,55,252,252,2,1,48,2,1,2
Mirage#12388,Silver,2001,1,33,22,1.45,5,4.8,3.3,1.2,0,2.7,61,1765,10292,72,723,399,8,10,61,5,7,6
murderbot#11158,Silver,2035,1,33,23,1.9,5,11.21,5.9,2.65,0.59,5.31,101,3658,6992,75,792,514,21,11,61,8,4,15
DangerNoodle#11132,Silver,34628,21,45,50,1.71,10,8.82,5.15,1.73,0.03,4.42,87,2902,8017,88,13067,558,279,143,100,12,10,226
asaininsane#1635,Silver,780,0,28,32,1.22,3,8.46,6.92,3.08,0,4.62,52,3970,4047,50,162,90,8,2,51,6,2,5
Feria#11623,Silver,23285,18,53,41,1.54,8,9.77,6.34,2.45,0.1,5.21,98,3122,7483,69,13324,859,162,110,68,11,8,172
soyistaken#2484,Silver,44524,45,60,53,1.71,11,10.26,5.98,2.82,0.2,4.96,60,3412,7276,100,25751,1020,253,158,79,15,10,311
btag#3631,Gold,245449,201,53,42,1.44,15,8.86,6.14,1.81,0.1,3.38,61,3088,8322,100,95789,950,2245,1122,100,22,12,1961
fomo4ka#21770,Gold,4533,4,72,27,1.22,8,9.66,7.94,1.32,0.13,5.16,81,3443,6161,56,1451,420,54,25,60,9,4,28
RemyFox#2156,Gold,13227,12,56,28,1.27,10,8.85,6.94,1.86,0.05,4.49,67,2767,7936,66,3623,387,104,72,56,12,8,95
Flatlanta#1164,Gold,145413,101,47,57,2.01,16,11.24,5.6,1.93,0.06,5.37,81,4181,9108,82,60369,1003,1395,725,92,16,12,1350
Catcher#21980,Gold,5212,5,62,32,1.51,5,10.94,7.25,3.34,0.23,4.37,63,3811,6007,75,2800,553,43,32,58,8,12,48
CoeurDePika#2276,Gold,640,0,0,28,1.75,5,13.12,7.5,1.87,0,6.56,91,4459,9198,79,451,256,11,1,71,7,1,6
GreeMoz#2487,Gold,1583,1,24,50,0.74,5,7.58,10.23,0.38,0,4.17,53,3232,5041,64,578,239,7,8,57,4,4,7
Aleronte#21532,Gold,9423,4,27,44,1.75,11,9.49,5.41,2.16,0.06,3.5,69,3112,10083,79,4275,679,57,58,100,8,7,79
PlayTataPlay#2147,Gold,4080,5,47,25,1.12,6,6.76,6.03,1.03,0,2.5,53,3116,7566,63,686,162,39,13,57,8,4,24
Venus#21647,Gold,2384,1,36,33,1.34,5,9.82,7.3,1.76,0.25,4.03,38,3878,6598,63,987,547,17,6,69,4,3,16
OrangeSoda#21570,Gold,5672,9,78,32,1.96,9,9.73,4.97,1.69,0.21,3.6,59,2321,10235,82,1830,342,42,25,74,7,6,40
FlyingMiner#2929,Gold,4783,3,48,37,1.13,11,8.66,7.65,1.25,0.13,4.64,75,2881,7706,100,1963,685,54,21,67,14,4,29
Huppra#1653,Gold,4846,5,71,29,2.56,10,11.39,4.46,3.1,0.25,4.71,56,3371,7623,74,1745,324,44,23,57,11,7,45
Karillian#2133,Gold,2740,0,0,28,1.06,6,7.23,6.79,1.97,0,3.28,63,2602,10094,71,625,337,22,15,64,12,9,20
Staayisbae#1820,Gold,1754,3,83,37,1.05,4,7.87,7.52,2.39,0.34,2.05,40,2820,6837,100,930,370,11,7,79,5,2,10
Derby#2676,Gold,85550,70,54,38,2.11,16,9.69,4.59,2.41,0.12,3.96,71,3258,8400,100,38314,800,803,421,76,17,11,771
Antonio01#11458,Gold,9053,4,33,40,1.47,8,8.75,5.97,1.99,0.2,3.91,60,2763,7169,73,4474,851,59,48,59,10,8,56
Xof#21398,Gold,142145,103,53,100,1.67,14,8.79,5.26,2.14,0.22,3.64,64,2475,9842,100,59087,859,1377,699,100,18,12,993
sellinorgans#1784,Gold,4155,5,76,30,1.48,7,9.82,6.64,2.17,0,2.6,15,3101,7786,74,1818,326,29,14,64,8,3,31
Sweefy#1195,Gold,14528,10,43,42,1.64,8,8.92,5.45,2.07,0.12,2.85,46,2932,7134,79,5646,684,90,49,75,8,5,101
TheShadow#11216,Gold,7484,5,40,40,1.29,12,9.54,7.38,2.08,0,4.97,84,2869,8149,76,7026,1188,68,31,71,10,8,54
wvargas257#1740,Gold,7744,6,56,30,1.44,9,9.45,6.59,2.48,0.31,3.18,69,2715,6763,80,2542,605,66,38,60,11,6,59
gummybear#11608,Gold,5149,1,7,33,1.48,6,6.87,4.66,1.17,0,2.45,54,2838,8716,75,2752,473,46,19,76,7,4,26
FunkyMonky#12154,Gold,7752,6,50,33,1.55,6,9.21,5.96,2.32,0.15,3.87,34,3471,6956,73,2492,492,51,29,63,12,8,55
Fishie#21494,Gold,848,1,67,25,1.7,4,12.03,7.08,2.83,0.71,2.83,7,2877,7643,100,599,323,12,2,59,7,2,9
NyanPanda#11531,Gold,7225,8,67,47,2.37,14,11.79,4.98,2.33,0.17,4.48,71,3251,8481,84,3379,341,72,42,100,8,6,66
POT3NTIAL#3163,Gold,163115,137,56,66,1.76,21,9.91,5.64,2.38,0.11,3.68,53,3421,7046,100,62179,937,1283,619,78,16,8,1254
Tinman#1467,Gold,85771,70,57,44,1.74,12,9.74,5.61,2.2,0.11,4.35,60,3120,8026,85,35634,854,687,399,71,14,11,655
ktisleet#1599,Gold,344,0,21,21,2.33,4,12.22,5.24,1.75,0,5.24,70,5031,6661,43,135,72,6,1,39,5,1,4
oddkat#1175,Gold,70762,57,56,48,1.89,16,10.03,5.3,2.09,0.16,4.78,78,3235,8563,100,30588,653,613,353,80,14,10,544
Opalus#1955,Gold,2735,3,71,37,2.17,7,10.97,5.05,3.29,0,4.39,71,3690,8209,74,1548,954,19,15,66,7,6,25
bigdaddylex#1611,Gold,4220,3,35,38,1.13,6,7.68,6.83,1.14,0,4.12,41,2113,8304,88,2550,810,32,21,88,9,4,27
Mercury#12721,Gold,4859,5,66,39,2.24,16,12.72,5.68,2.72,0.12,6.17,99,3880,7814,75,2858,666,59,24,64,13,5,44
Cheshiire#11168,Gold,95304,81,56,57,2.12,18,10.94,5.16,2.52,0.25,4.31,59,3832,7075,100,40134,653,682,447,167,11,12,826
PD22#11569,Gold,6690,7,61,24,2.33,11,12.56,5.38,3.59,0.27,5.56,55,3535,6287,86,2004,335,72,37,57,10,11,71
Kong#2963,Gold,7760,7,62,31,1.93,8,10.13,5.26,2.24,0,3.56,56,4042,8378,75,4892,945,86,47,63,10,8,67
Trevelyan006#2796,Gold,127693,94,48,75,2.05,11,9.96,4.85,2.48,0.17,3.44,50,3551,7386,100,43201,788,831,517,200,13,12,915
Asudem#1649,Gold,12048,11,59,32,1.4,7,9.26,6.62,1.99,0,4.18,74,2925,8932,78,8971,982,127,76,66,13,8,104
tulititaani#2542,Gold,100899,75,52,44,1.77,15,10.47,5.91,3.02,0.4,4.31,58,3568,7243,86,43293,755,915,424,79,18,8,820
shen#21643,Gold,61708,49,53,45,2.15,11,11.48,5.34,2.79,0.18,4.13,44,3782,8965,80,22396,726,386,326,82,12,12,432
Radeon#2216,Gold,1367,0,0,32,3.57,8,10.97,3.07,2.19,0,5.27,81,4512,6900,58,375,375,14,6,60,10,3,12
Bakamitai#2917,Gold,56777,43,49,52,2.34,16,11.53,4.92,3.23,0.26,5.0,63,3670,8731,86,20004,587,525,270,86,13,9,544
DANIPOO#11972,Gold,1816,1,22,51,1.6,7,13.21,8.26,2.64,0,5.95,36,4118,5564,76,646,242,16,4,100,6,2,21
JPrince#1970,Gold,1102,1,83,43,1.83,5,11.98,6.54,3.81,0,4.36,42,4863,5175,75,274,274,9,5,88,7,5,12
ChefCurry#1756,Gold,3691,4,72,36,1.97,6,11.22,5.69,3.25,0.65,4.06,41,3349,6126,66,734,178,19,15,50,5,4,20
Funflash#2334,Gold,86191,69,54,63,2.06,15,11.47,5.57,3.17,0.29,4.3,53,4308,7288,77,26974,742,582,401,81,11,9,657
Luvel#21897,Gold,2823,2,50,30,1.96,7,10.84,5.53,3.19,0.64,4.46,52,3592,7100,62,927,306,18,15,58,8,6,27
Vermilion#21862,Gold,2039,3,77,50,1.04,7,8.53,8.24,1.77,0,3.24,38,3617,7483,73,846,351,15,10,100,6,9,15
Oznek#2487,Gold,128688,100,51,63,1.15,11,8.08,7.02,1.63,0.05,3.63,74,3004,8196,100,41939,943,1005,637,72,15,13,927
Saltmom#2835,Gold,10558,10,67,25,1.4,9,9.38,6.71,1.88,0.06,4.94,107,2891,7245,100,3982,457,88,82,57,12,16,90
SonOfAtlas#11799,Gold,1490,2,53,29,2.78,8,10.07,3.62,0.81,0,4.03,50,3853,8550,65,732,378,24,9,58,12,7,8
Ricepuding#1190,Gold,475,0,0,35,4.75,10,23.99,5.05,5.05,0,7.57,93,4485,6817,57,550,478,6,3,67,6,3,6
니오#31153,Gold,58147,56,58,100,1.58,15,9.51,6.03,2.36,0.17,3.94,59,3519,7511,100,23722,632,375,280,88,11,10,428
GrimCamel#2357,Gold,93593,73,52,56,1.73,12,8.33,4.81,1.6,0.05,3.88,73,2305,8276,100,32995,647,614,446,82,13,11,674
Bowie#21427,Gold,102052,82,53,67,2.04,15,11.6,5.69,2.98,0.31,4.66,54,4129,7104,100,33015,833,948,440,100,15,15,844
Luc1#2698,Gold,5001,5,52,64,1.88,8,11.52,6.12,2.52,0.12,3.36,39,3914,6205,81,1515,378,42,28,78,11,7,47
VII#11701,Gold,1907,0,0,31,1.75,6,11.01,6.29,2.83,0,6.92,52,3907,5501,100,491,342,14,3,49,7,1,14
hanzy54#2529,Gold,864,1,76,23,3.33,6,13.89,4.17,1.39,0,4.17,91,3706,5003,56,388,144,9,3,51,6,2,9
Ikarus#21389,Gold,58118,53,63,63,2.01,11,11.2,5.56,2.56,0.14,4.74,72,3611,8217,84,22801,605,522,327,100,18,15,522
Raiden#24610,Gold,654,1,100,37,3,7,11.01,3.67,4.59,0.92,2.75,23,6194,7066,67,231,231,8,3,53,8,3,7
dyd4dsh7#1192,Gold,128,0,0,48,1.33,2,18.71,14.04,0,0,4.68,10,5139,3051,61,74,74,1,0,58,1,0,1
LifeAlert#11665,Gold,4243,3,49,43,1.08,5,8.06,7.49,2.4,0.14,2.69,56,3600,6481,71,3018,964,40,18,69,14,6,19
Ruffy#22806,Gold,743,1,100,15,4.75,7,15.34,3.23,4.04,0,5.65,100,2880,12178,69,252,252,5,7,60,5,7,9
Rous#21454,Gold,1638,2,67,33,2.33,12,12.82,5.49,3.66,0,2.2,43,4129,6604,67,574,288,12,4,56,5,2,17
Rusha#21669,Gold,3219,3,50,21,0.95,4,6.9,7.27,0.93,0,2.98,54,1922,9586,85,1884,449,31,23,71,11,10,24
NaCl#21234,Gold,4867,3,45,35,1.37,8,8.63,6.29,2.34,0,3.82,82,3950,8151,74,1164,252,41,19,66,10,5,30
Lapulya#21433,Gold,1469,0,15,35,1.5,5,9.8,6.54,4.09,0,1.63,59,4780,6664,72,757,296,5,6,53,2,2,8
烈火#31428,Gold,96661,75,51,63,1.48,12,9.06,6.13,2.25,0.11,3.56,61,3306,7820,100,37247,679,739,474,94,13,14,714
limpchimp#1996,Gold,3573,2,46,46,2.71,12,12.76,4.7,3.86,0.34,5.04,54,3430,9113,76,1203,418,23,22,100,9,9,34
LilithLail#1719,Gold,4832,3,36,32,1.05,9,7.82,7.45,1.74,0,2.23,51,2750,5066,63,1896,470,32,19,65,6,7,24
FaKE#22154,Gold,5859,2,28,30,2.53,9,11.67,4.61,1.74,0,5.84,65,4060,8604,70,1829,554,68,37,58,17,11,61
AnGross#21859,Gold,10383,9,50,30,1.63,10,10.17,6.24,2.31,0.06,5.55,93,2659,7997,100,5556,782,88,51,61,14,7,94
clownfart#1306,Gold,2187,3,76,39,3.25,8,10.7,3.29,3.57,0,6.31,96,2754,8996,80,540,234,10,11,71,4,6,21
OrangeDonute#2639,Gold,5287,5,62,23,1.32,6,8.4,6.35,1.48,0,4.88,114,2748,8406,73,1768,543,37,31,67,9,5,35
DayDay#31189,Gold,6804,7,57,46,2.98,13,12.35,4.14,3.0,0.26,4.32,32,5340,7616,67,2991,582,84,32,73,23,10,55
SexyGirl#11873,Gold,6501,6,60,51,1.36,9,8.31,6.09,1.57,0.09,3.78,35,2621,8460,78,1977,396,50,27,70,7,5,38
Takati#3303,Gold,1180,0,0,17,1.86,9,13.22,7.12,2.54,0,7.63,24,3658,8082,76,359,144,12,5,48,6,3,8
Bellanoella#11530,Gold,672,0,0,26,0.7,2,6.25,8.92,0.89,0,1.78,30,2991,8740,63,560,416,9,3,56,7,3,5
BriNa#21287,Gold,7848,8,68,33,1.92,6,11.01,5.73,2.52,0.08,5.05,84,2795,8514,67,3755,539,70,44,68,13,8,64
GNLGeoGeo#2239,Gold,109376,97,56,55,2.51,15,13.28,5.3,3.85,0.38,4.81,50,4595,6574,100,69076,1093,753,499,92,13,13,1015
Decembear#2160,Gold,89543,66,50,75,1.76,11,9.73,5.53,2.49,0.24,3.38,37,3773,7389,100,39738,777,826,445,107,14,12,728
BLAVED#2640,Gold,58418,44,49,71,1.45,11,8.37,5.76,1.86,0.07,3.97,76,2205,9191,100,26058,688,423,300,100,13,13,413
EasyEnemy#21996,Gold,30183,27,60,45,1.95,10,12.6,6.46,3.18,0.4,5.61,56,4503,7301,100,10100,457,376,136,73,14,8,296
wuh#1702,Gold,4953,6,79,35,2.86,9,12.11,4.24,2.3,0.12,4.85,66,3718,9362,75,2464,729,32,31,66,7,6,35
kiktip#1167,Gold,1586,1,45,30,1.71,12,10.97,6.43,3.03,0,3.78,61,3560,5621,63,895,407,13,7,50,5,3,19
ItalianMemes#1750,Gold,42439,34,54,91,1.81,17,11.03,6.09,2.98,0.13,4.5,81,3790,8691,100,26354,718,297,260,100,9,8,377
Exileflash#1633,Gold,1990,3,67,40,2.32,9,13.27,5.73,4.52,0.9,4.22,41,4116,6707,65,1327,579,25,3,69,10,3,20
Saiko#11375,Gold,8582,8,61,56,1.63,11,10.28,6.29,2.87,0.28,4.12,77,3428,6245,100,4382,446,75,47,79,10,8,61
ekkus666#3842,Platinum,12840,13,57,35,1.67,12,10.14,6.07,1.54,0.05,3.55,55,2918,8382,74,5219,603,120,79,100,12,8,97
Aramguri#1971,Platinum,506,0,20,42,0.56,1,5.92,10.66,1.18,0,1.18,20,4290,7080,64,414,414,4,2,59,3,2,3
Vidfamne#11134,Platinum,9246,9,53,38,1.53,5,9.15,5.97,1.95,0.26,4.48,82,2799,8221,70,3609,471,77,42,65,10,6,83
BEZDOMNY#21992,Platinum,20216,18,56,35,1.85,9,11.01,5.97,3.03,0.33,3.21,38,4104,7525,70,5474,548,159,99,73,10,8,159
Johnnoac#2786,Platinum,6628,5,46,41,1.73,7,10.32,5.97,2.44,0.18,3.53,65,4290,6675,68,3970,486,54,32,64,10,7,53
vissadness#21354,Platinum,5784,5,55,43,1.41,7,8.19,5.81,1.66,0.1,4.36,115,2301,9247,100,3008,704,52,42,78,10,11,45
Lich#1107,Platinum,2917,1,12,38,1.28,12,11.31,8.84,3.5,0.21,3.09,16,4824,6502,69,1657,340,22,16,65,6,5,28
Jek#11185,Platinum,6574,3,32,35,1.91,13,13.78,7.21,4.29,0.46,4.84,45,5124,6231,61,2907,478,70,28,60,12,6,67
BonTheBaker#2963,Platinum,1271,1,50,41,2.06,6,15.58,7.55,2.83,0.47,8.03,102,4000,8208,85,811,466,14,4,64,9,3,12
Fastgirl#2467,Platinum,107699,84,52,50,1.37,10,9.2,6.74,2.09,0.11,3.71,61,3069,7752,83,66414,1590,1181,530,74,26,11,872
VIoliny#1121,Platinum,114944,92,54,100,1.62,12,10.09,6.23,2.43,0.15,4.11,62,3755,8192,100,46305,830,1400,549,73,20,14,960
PlayTataPlay#2147,Platinum,4080,5,47,25,1.12,6,6.76,6.03,1.03,0,2.5,53,3116,7566,63,686,162,39,13,57,8,4,24
Berry#2548,Platinum,182,0,0,16,1.33,4,13.18,9.88,3.29,0,0,52,2950,10017,54,0,0,0,3,90,0,3,2
Alex#27713,Platinum,2027,2,69,30,3.5,13,10.36,2.96,0.89,0,6.51,62,2521,7991,78,405,278,8,11,54,3,6,18
Sholeix#2158,Platinum,7301,4,37,39,1.64,7,8.88,5.42,2.3,0.49,2.22,60,2940,7861,75,3159,505,56,27,71,10,4,53
Inari#11271,Platinum,12032,9,49,24,1.48,9,8.98,6.08,2.14,0.2,4.19,70,2550,8805,79,4570,916,100,56,60,9,8,83
LetAnaFly#2396,Platinum,120830,91,51,60,1.87,13,10.63,5.68,3.08,0.35,3.08,41,3839,8259,100,45517,810,1062,589,75,18,11,1032
BACock#11149,Platinum,586,0,0,21,0.63,3,5.12,8.19,2.05,0,2.05,49,1842,7821,62,216,216,4,4,66,2,3,3
DrMoon#21336,Platinum,97196,75,55,71,2.1,15,12.25,5.84,3.3,0.27,4.41,48,3871,10194,100,39660,814,916,545,81,18,11,916
PusheenSun#1613,Platinum,5618,3,41,46,1.52,8,10.36,6.84,2.56,0.32,3.84,36,2999,7903,79,3149,622,55,13,79,9,4,44
Razer#11988,Platinum,568,1,100,26,1.33,5,8.45,6.34,0,0,2.11,30,2485,7908,68,133,90,4,2,92,3,1,2
Nanome#11415,Platinum,3078,1,32,33,2.65,8,11.89,4.48,3.31,0.19,5.07,57,3932,9210,68,1981,717,19,14,70,7,4,26
LiNkZ#1420,Platinum,6523,9,83,33,2.77,10,11.22,4.05,3.22,0.64,3.86,59,4410,8222,75,2220,482,66,47,64,13,8,60
shifthardt#1348,Platinum,70698,71,63,67,1.71,12,12.68,7.4,3.64,0.33,4.94,71,4829,6572,100,41083,999,791,359,87,17,14,709
Reminisce#1940,Platinum,3765,2,37,39,1.54,5,11.79,7.65,2.87,0,5.1,73,3341,7070,72,2623,1040,47,12,69,14,6,44
Ma1ki#1694,Platinum,4234,2,30,37,1.4,5,8.93,6.38,2.13,0,3.68,65,3690,7996,61,1806,473,29,18,65,8,6,22
OwningBigBro#1762,Platinum,6438,5,50,40,4.48,16,13.79,3.08,4.47,0.47,3.17,45,4313,6110,79,2538,823,73,23,68,14,8,70
Aleronte#21532,Platinum,9423,4,27,44,1.75,11,9.49,5.41,2.16,0.06,3.5,69,3112,10083,79,4275,679,57,58,100,8,7,79
DeltaFrostX#1781,Platinum,138116,100,51,59,2.89,15,11.77,4.08,2.93,0.24,3.48,25,4645,7044,87,46327,885,1382,693,93,16,16,979
Elucidator#11208,Platinum,1613,1,24,52,2.36,9,12.27,5.21,2.98,0.74,4.09,113,4541,7988,74,867,427,23,5,78,9,4,14
Sixxx#11997,Platinum,1502,1,41,30,0.96,4,8.79,9.19,1.6,0,5.19,44,3297,6200,68,387,166,15,3,63,7,3,9
lulu#27292,Platinum,4484,3,55,34,1.9,10,10.44,5.49,2.41,0.27,3.88,77,3696,11680,68,3218,734,39,28,69,8,11,42
nAAbe#2472,Platinum,18358,15,46,43,2,9,9.81,4.9,2.97,0.49,2.71,50,3211,7502,79,9758,885,222,84,66,12,10,132
sxph#11398,Platinum,1040,0,0,19,0.57,2,4.62,8.08,1.73,0,1.15,96,2559,8003,58,621,378,11,3,65,7,2,5
Quorrtahn#2916,Platinum,5124,4,51,40,1.31,9,9.02,6.91,1.87,0,3.4,75,3458,7107,74,1955,338,35,29,76,7,9,38
Kawh#21105,Platinum,11220,7,44,35,1.67,10,10.7,6.42,2.51,0.16,3.69,41,4507,7270,68,3524,738,110,58,63,13,9,76
Tracer#22710,Platinum,2600,1,20,43,1.38,5,7.62,5.54,2.54,0.92,2.08,72,4493,7101,72,1406,431,33,12,61,8,7,17
NSǞNE#2786,Platinum,71763,54,52,46,2.23,13,11.9,5.33,2.93,0.24,4.16,71,3975,9399,83,31421,717,794,395,74,18,12,719
Yuki#23439,Platinum,12211,6,34,50,1.52,7,9.14,5.99,1.77,0.1,3.19,48,3126,7534,100,2929,414,107,40,100,10,6,95
Iceman#13504,Platinum,1885,2,63,50,1.88,5,9.55,5.09,0.64,0,3.5,20,3867,7668,100,946,439,17,6,80,7,3,12
Farosh#11572,Platinum,3500,4,58,38,1.18,5,7.71,6.51,1.37,0.17,1.54,33,3097,7074,69,2264,624,29,14,60,10,4,23
Vapid#11270,Platinum,2882,3,64,37,2.79,7,13.95,5.0,2.71,0,5.83,70,4859,7060,64,893,464,18,10,60,5,3,30
Sweefy#1195,Platinum,14528,10,43,42,1.64,8,8.92,5.45,2.07,0.12,2.85,46,2932,7134,79,5646,684,90,49,75,8,5,101
Quillfish#1670,Platinum,6615,7,72,35,2.35,8,11.7,4.99,2.63,0.09,4.08,87,3732,8452,72,3158,670,56,39,68,14,11,65
Beardy#21510,Platinum,3861,3,52,36,1.39,6,9.95,7.15,2.18,0,3.42,63,3659,6089,68,2392,630,43,14,67,7,4,37
van1ty#1807,Platinum,591,0,37,37,1.8,4,9.13,5.07,5.07,0,3.04,21,4707,8974,100,296,188,9,2,66,4,1,4
btag#3631,Platinum,245449,201,53,42,1.44,15,8.86,6.14,1.81,0.1,3.38,61,3088,8322,100,95789,950,2245,1122,100,22,12,1961
CptScherp#2356,Platinum,66149,55,56,52,1.98,13,10.32,5.22,2.49,0.13,4.4,65,3294,8931,100,26470,653,644,328,89,16,10,543
Prodigy1413#1886,Platinum,2302,2,51,26,1.73,5,11.73,6.78,2.35,0,3.13,39,3348,6588,65,1166,356,16,12,55,6,4,23
StrafeEffect#2472,Platinum,36252,36,65,43,2,12,11.29,5.64,2.91,0.12,5.16,77,3730,9155,88,12664,608,264,212,88,11,10,298
Crimson#2144,Platinum,4394,2,27,27,1.32,7,8.47,6.42,2.73,0,3.82,102,3536,8401,76,2330,597,38,18,76,9,7,30
Denshou#1881,Platinum,1761,1,19,46,1.86,8,13.28,7.15,5.11,0.34,3.75,58,4168,6487,64,1002,463,25,5,77,12,3,20
tottle#3650,Platinum,5501,3,30,31,2.18,11,13.31,6.11,5.45,0.98,4.04,24,4577,6511,60,2384,417,42,24,56,8,5,59
datslÒwÓk#2731,Platinum,2138,2,56,32,1.95,8,10.38,5.33,1.4,0,6.17,137,4138,8614,70,1090,367,31,12,62,11,4,17
Beercules#21628,Platinum,29959,20,49,37,1.24,9,8.95,7.23,1.62,0.06,3.3,63,2875,7591,100,9936,450,213,162,73,13,8,214
Krausz#1138,Platinum,2893,3,61,32,1.03,3,6.64,6.43,1.66,0.41,2.07,32,3726,8678,67,1201,486,23,15,57,5,6,11
LuckyBooster#21252,Platinum,1502,1,38,41,1.53,5,9.19,5.99,3.6,0,3.2,54,4597,7995,72,901,618,16,8,81,6,4,9
AnnieMae#11244,Platinum,52596,45,60,75,2.38,11,11.03,4.64,3.0,0.31,4.79,90,4503,8534,100,23861,607,444,289,81,10,8,460
F9YL#2334,Platinum,96450,81,57,100,1.95,13,9.7,4.99,2.23,0.21,4.36,83,3091,8026,100,31205,720,738,482,100,13,11,773
SupaahSicc#1233,Platinum,61427,45,51,46,1.57,13,10.74,6.85,2.6,0.12,5.02,100,3887,8238,100,31969,1149,667,269,79,16,12,563
Effectstar#2884,Platinum,139661,96,46,100,1.67,12,9.3,5.56,2.48,0.14,3.94,48,2602,10232,100,60113,1122,1277,744,133,19,11,957
BongRipper#21971,Platinum,34495,33,65,43,1.86,12,12.31,6.61,3.2,0.17,4.8,50,4368,6850,80,17837,1002,452,177,86,18,8,359
RemyFox#2156,Platinum,13227,12,56,28,1.27,10,8.85,6.94,1.86,0.05,4.49,67,2767,7936,66,3623,387,104,72,56,12,8,95
Zisps#1858,Platinum,8415,5,41,35,1.63,10,10.55,6.49,3.14,0.29,4.92,88,3622,6890,86,3134,577,72,33,58,10,7,65
Emi#21100,Platinum,4312,3,43,41,1.42,8,8.49,5.98,1.67,0,2.78,78,2913,7580,100,3633,857,49,14,70,10,4,36
maojiro#1116,Platinum,2596,1,22,17,1.07,4,7.16,6.7,2.08,0,2.77,41,2747,8346,65,1706,613,22,7,57,7,4,20
DANKinator#11971,Platinum,54339,43,56,59,1.65,10,11.03,6.68,2.77,0.29,4.26,83,3878,6959,100,23757,747,584,273,84,16,10,433
BananaJNR#1260,Platinum,67940,55,54,100,2,12,9.93,4.95,2.33,0.15,3.82,53,3052,8572,100,27612,763,671,317,100,18,11,547
Proxy#12126,Platinum,8498,8,55,26,1.61,11,10.45,6.5,1.98,0.14,3.88,54,3273,8220,81,4147,537,82,34,60,12,6,83
medusa#12465,Platinum,4077,4,60,28,1.51,6,10.89,7.21,1.91,0,3.83,49,2855,10343,73,3053,729,32,23,67,9,5,41
Matt#25854,Platinum,513,0,0,33,1,3,5.85,5.85,2.34,0,4.68,125,2636,5443,60,144,144,6,3,45,6,3,1
Sykloptik#1771,Platinum,5790,6,64,33,3,11,11.81,3.94,2.38,0.31,4.77,46,4130,6055,61,979,337,51,36,58,12,10,55
mikkuz#1978,Platinum,2434,3,72,40,2.68,9,14.54,5.42,3.45,0,6.16,46,3903,6849,69,866,293,25,16,71,10,5,28
Jomker#1901,Platinum,10118,5,36,43,1.72,8,10.38,6.05,2.91,0.36,3.32,62,4706,7470,74,3829,447,79,37,77,10,4,68
Avalicious#11670,Platinum,42582,43,65,100,1.79,9,9.74,5.45,1.9,0.04,4.03,67,3063,9100,100,15434,551,284,194,77,15,9,371
EverST#1174,Platinum,1843,1,61,33,0.77,5,5.53,7.16,0.65,0,2.6,42,2324,7495,100,450,181,18,5,67,5,3,12
Toasty#11174,Platinum,665,0,35,13,2.5,4,9.02,3.61,4.51,0,2.71,34,2468,9471,61,96,90,7,3,52,6,3,6
Citrus#2800,Platinum,6150,6,60,45,2.11,12,13.56,6.44,3.51,0.1,4.68,36,3845,8920,83,2913,518,65,34,75,10,9,47
TheDeep#21517,Platinum,39245,34,60,100,1.92,12,12.15,6.33,3.41,0.31,4.83,71,3678,7714,85,14289,567,400,205,61,16,13,444
Shadow#123156,Platinum,3082,3,78,33,1.21,5,7.98,6.62,1.95,0,4.67,123,2824,7567,100,951,450,26,11,70,7,6,17
JINMU#11261,Platinum,1248,3,100,36,2.88,6,11.06,3.85,2.4,0,3.85,34,3841,9424,69,483,187,11,11,61,5,6,13
gnatto#1880,Platinum,1421,0,0,22,1.38,3,9.29,6.75,2.96,0,4.22,58,3689,9436,66,823,537,11,7,58,6,4,10
Ravenite#11703,Platinum,2535,2,47,22,1.35,8,9.94,7.34,1.66,0,6.15,85,2669,8454,72,1775,443,17,9,63,6,3,22
Äřçħĩmęđěś#1553,Platinum,7968,8,63,37,1.81,11,10.77,5.95,3.39,0.23,4.52,81,3223,7867,83,2863,345,61,38,100,9,7,74
FunMeno#2586,Platinum,22047,20,56,48,2.25,13,11.84,5.25,3.1,0.3,3.27,45,4095,6723,70,9533,628,185,115,74,11,8,165
Toenail#11169,Platinum,1443,3,75,24,2,5,10.81,5.4,2.49,0.42,2.91,30,3196,6998,65,464,195,15,5,61,8,3,15
Schnegge#21879,Platinum,5311,3,41,37,1.57,8,8.36,5.31,1.92,0.34,2.6,34,3525,6939,64,2439,431,37,25,60,5,4,30
Kuro#25407,Platinum,16308,9,35,42,2.49,13,13.02,5.22,3.24,0.26,5.22,68,4233,9349,75,6094,640,202,80,71,16,7,179
Trim#11307,Platinum,170,0,0,30,1,1,10.59,10.59,7.06,0,0,50,3340,6687,62,0,0,0,1,74,0,1,2
Emiro#11611,Platinum,5264,6,75,39,2.11,8,11.06,5.24,2.74,0.46,3.42,69,4063,7759,78,1891,378,42,21,73,12,5,44
Neb#1424,Diamond,211,0,0,27,1.33,2,11.37,8.53,0,0,2.84,0,6177,6001,47,0,0,2,0,61,2,0,2
Surfer#12924,Diamond,2287,3,93,44,2.85,8,9.71,3.41,2.89,0.52,5.25,83,4006,7675,75,871,328,25,15,68,8,5,14
Jack#28650,Diamond,4430,4,57,46,2.51,11,13.27,5.28,3.79,0.41,5.55,78,5246,7394,66,2958,727,63,25,72,13,8,45
Knugz#1723,Diamond,2545,2,54,36,1.65,6,10.14,6.13,3.07,0,3.3,35,4019,7997,63,1229,385,29,16,61,10,5,24
Kenneth#21579,Diamond,16870,16,51,39,1.67,8,12.59,7.54,3.02,0.21,5.83,77,3900,8235,79,5780,763,162,100,66,12,10,167
LuckyShotz#11889,Diamond,118308,93,55,67,1.59,13,9.73,6.14,2.16,0.08,3.47,59,3661,7987,100,51086,800,1276,567,75,17,10,1024
Kury#11147,Diamond,105615,85,54,75,1.51,11,9.83,6.52,2.29,0.16,4.01,68,3477,8385,100,47243,735,832,513,85,14,11,762
BizaRRe#1676,Diamond,7224,8,76,41,1.45,6,9.88,6.81,2.16,0,4.32,104,2966,9147,77,4294,666,68,43,75,9,6,60
Auriel#21939,Diamond,3155,2,45,45,0.94,3,5.71,6.09,0.95,0,2.47,39,2770,8830,79,962,221,34,14,80,9,7,13
Sxmantha#1273,Diamond,5076,4,44,29,1.55,6,9.34,6.03,2.13,0.12,3.19,49,3165,9139,76,2688,491,58,26,65,8,4,44
SlothSir#4760,Diamond,3454,2,51,39,2,9,11.12,5.56,3.3,0,3.82,41,4334,6567,66,1530,550,30,17,71,10,5,23
BrahimT2#1128,Diamond,1734,2,71,40,2.31,5,12.8,5.54,2.42,0.35,4.84,57,4452,9727,79,591,269,13,14,67,6,9,10
ŊŶXŜĦƗMǢ#2970,Diamond,10132,8,58,30,1.2,5,6.51,5.45,1.13,0.06,2.9,84,2063,9626,75,5922,660,72,55,73,15,9,60
LaceMaster#1836,Diamond,155337,112,50,36,1.33,12,9.27,6.97,1.87,0.06,3.72,71,3145,8433,100,80973,1008,1463,733,74,20,12,1131
LaraCroft#11228,Diamond,7891,5,39,39,1.13,4,8.06,7.15,1.98,0.3,2.36,58,3269,7404,79,2660,358,62,31,69,8,4,48
ekkus666#3842,Diamond,12840,13,57,35,1.67,12,10.14,6.07,1.54,0.05,3.55,55,2918,8382,74,5219,603,120,79,100,12,8,97
cloud#25174,Diamond,8685,6,44,26,1.41,10,9.67,6.84,1.8,0,3.94,88,3079,7168,74,3990,414,63,44,133,11,13,73
Gnome#22992,Diamond,78554,66,59,54,2.39,16,12.42,5.19,3.68,0.47,3.89,45,4578,8046,100,36987,978,740,356,80,17,11,720
extn#2529,Diamond,68377,62,61,75,1.71,14,9.63,5.63,2.2,0.13,3.46,49,3239,8488,100,21550,621,501,357,167,15,12,565
Demmnyaa#3847,Diamond,231638,189,56,100,1.75,13,9.62,5.5,2.41,0.15,3.94,64,3380,7801,100,102079,1021,1725,1054,133,13,14,1602
サバ缶#11600,Diamond,9594,11,68,35,1.56,7,9.07,5.82,1.81,0.13,3.75,54,2916,8553,81,3923,526,94,52,64,14,7,73
ColdCoffee#11210,Diamond,16060,16,60,46,1.71,11,10.5,6.13,2.76,0.26,3.62,50,3942,7081,82,4776,411,139,67,76,13,6,112
Razer#11988,Diamond,568,1,100,26,1.33,5,8.45,6.34,0,0,2.11,30,2485,7908,68,133,90,4,2,92,3,1,2
DeScM#2306,Diamond,711,1,84,36,1.56,5,11.81,7.59,0.84,0.84,0.84,7,3053,6114,58,370,218,6,4,71,4,3,5
Systemaa#1554,Diamond,8203,7,57,38,1.64,8,8.27,5.05,1.97,0.07,2.41,60,2946,7623,69,4658,834,61,34,100,9,7,43
Sliverninja#2287,Diamond,6904,5,43,50,1.69,10,9.13,5.39,1.91,0.09,3.65,84,2608,8528,100,2280,539,76,26,100,13,6,62
yagami#22618,Diamond,20385,17,52,53,1.93,14,12.07,6.24,2.59,0.18,4.5,76,3920,7881,100,8053,612,195,103,73,11,10,198
automatic#21135,Diamond,7184,7,67,42,1.63,7,9.52,5.85,1.59,0.25,3.01,55,3259,6315,100,1766,350,70,35,71,8,5,63
Pokonac#2123,Diamond,4824,3,41,46,1.9,9,12.31,6.47,4.35,0.37,3.73,65,4983,6254,76,2777,620,64,16,90,13,7,51
Parz1val#21804,Diamond,30403,38,83,52,4.24,19,16.58,3.91,4.32,0.47,4.74,36,5662,7954,78,11390,704,345,223,78,19,13,361
Ayu#21971,Diamond,17553,16,58,50,1.79,13,10.39,5.81,2.6,0.17,3.76,62,3537,8687,100,7777,791,204,98,67,12,7,154
Understand#11214,Diamond,3054,3,47,35,2.11,8,11.2,5.31,2.75,0.2,5.11,79,3681,8237,72,1274,324,31,17,78,9,8,29
akisu#11533,Diamond,3741,4,63,35,2.63,11,13.47,5.13,2.73,0,5.13,54,4752,8255,77,1660,464,49,19,64,11,6,30
Gyrofish#1418,Diamond,390,0,0,19,1,3,4.62,4.62,1.54,0,1.54,82,3757,6235,58,128,128,1,1,52,1,1,1
manu00#21326,Diamond,45853,43,63,50,1.64,9,10.14,6.2,2.76,0.3,3.48,56,3551,9119,83,18464,619,433,190,77,14,7,390
Cye#11403,Diamond,230,0,100,41,1.5,3,7.84,5.23,5.23,0,5.23,132,5177,5364,72,90,90,1,0,50,1,0,2
Kamakiri#21992,Diamond,62232,51,56,49,1.67,11,9.75,5.83,2.47,0.2,3.35,55,3460,8721,87,35166,898,571,302,82,13,11,422
harryshark#1552,Diamond,2872,2,50,39,1.59,5,9.61,6.06,2.51,0.21,4.6,37,4175,9066,71,1162,518,38,9,66,16,6,22
J5HY#2585,Diamond,3291,3,68,39,2.1,8,11.85,5.65,1.64,0.18,3.65,72,4185,6631,80,1288,306,28,8,71,8,3,31
Aramguri#1971,Diamond,506,0,20,42,0.56,1,5.92,10.66,1.18,0,1.18,20,4290,7080,64,414,414,4,2,59,3,2,3
EARGOD#1987,Diamond,1118,0,0,33,2.67,5,12.88,4.83,3.76,0,4.83,101,6283,4231,54,189,189,10,2,44,10,2,13
SteelOfDmcls#2817,Diamond,188,0,0,29,1,2,9.57,9.57,0,0,3.19,32,4359,4799,58,72,72,2,1,48,2,1,2
Figzes#1925,Diamond,1947,2,60,36,3.27,11,15.1,4.62,6.16,0.62,4.62,32,5170,8709,72,884,402,24,12,65,15,4,21
Ashirak#11960,Diamond,1754,0,13,100,2.29,6,10.95,4.79,2.74,0.34,3.76,42,4250,6966,71,812,324,16,12,72,6,3,13
BlackBottler#1350,Diamond,6559,4,49,100,1.48,6,9.61,6.49,3.48,0.55,2.56,64,3436,8493,72,3138,874,51,32,71,9,8,52
uju#21607,Diamond,1606,1,43,31,2.08,6,10.08,4.86,2.61,0,3.36,33,4286,10295,74,1083,347,20,9,57,11,4,13
YautjaKaiju#1409,Diamond,3362,2,34,42,1.85,6,11.24,6.07,1.43,0,3.75,57,3685,8220,82,2681,712,32,24,71,6,7,29
Axtros#1509,Diamond,1252,1,33,36,1.25,4,7.19,5.75,2.88,0,1.92,61,3499,7760,74,464,230,9,7,63,5,4,7
ARRGHUS#1925,Diamond,4869,4,64,42,1.91,12,10.35,5.42,2.96,0.49,4.68,80,3621,7504,70,1761,292,43,18,67,12,5,48
Sunshine#23476,Diamond,81312,65,51,62,1.87,13,10.82,5.79,3.08,0.28,3.22,43,4202,7034,100,39151,918,1052,346,100,21,11,575
Hel#21720,Diamond,98147,67,48,47,1.57,12,9.48,6.02,2.4,0.15,3.22,58,3244,8929,100,33034,662,778,521,93,12,10,684
DaD#21115,Diamond,6094,5,61,35,1.79,16,11.13,6.2,2.17,0,5.02,78,3685,8789,77,2502,548,49,35,77,12,11,48
CosWeLL#2960,Diamond,126153,93,50,54,1.57,12,11.16,7.1,3.05,0.35,4.27,74,3685,7313,100,57353,891,1217,598,76,16,10,1142
zenny#11398,Diamond,6083,6,64,22,2.04,10,10.06,4.93,1.97,0.1,4.64,78,2836,8497,67,2298,645,63,28,58,13,7,34
Wulfi#21829,Diamond,11026,9,48,36,1.8,9,9.09,5.06,2.61,0.33,3.16,55,2432,8978,90,5069,691,102,49,66,11,6,77
Clemens#21972,Diamond,60783,53,58,58,1.64,11,11.21,6.82,2.88,0.31,3.43,42,4930,6594,100,25625,909,575,293,120,14,12,521
AnnieMae#11244,Diamond,52596,45,60,75,2.38,11,11.03,4.64,3.0,0.31,4.79,90,4503,8534,100,23861,607,444,289,81,10,8,460
pink#12585,Diamond,484,1,100,21,2,2,7.44,3.72,0,0,2.48,196,3387,7862,67,0,0,4,2,48,4,2,5
kleptokitty#11782,Diamond,4522,3,53,71,1.76,7,10.48,5.97,2.39,0.13,3.72,48,3767,8210,76,2265,604,47,19,63,8,4,29
Eazy#22536,Diamond,10212,9,56,50,2.17,11,11.1,5.11,2.0,0.06,4.58,62,4489,8902,81,4033,598,101,53,85,15,8,80
Kitren#1356,Diamond,8109,9,69,32,1.84,9,9.4,5.11,2.52,0.07,3.77,87,3285,7757,73,3908,649,70,37,68,9,6,61
feuerstern07#2934,Diamond,6224,6,61,37,2.82,12,13.59,4.82,4.63,0.48,3.95,50,5032,6054,67,2017,625,56,20,70,9,6,66
Talos#22431,Diamond,3989,4,56,27,1.82,9,10.98,6.02,3.31,0,4.66,78,3003,9281,78,2124,662,33,21,69,7,8,33
Molffy#11361,Diamond,34835,33,64,100,2.25,10,11.02,4.91,2.95,0.21,3.98,48,3968,9091,100,12795,708,270,222,143,10,12,320
Kiystone#1239,Diamond,3722,4,52,38,1.74,9,11.77,6.77,2.1,0,5.32,70,3218,9102,81,1536,396,37,22,68,9,5,36
POPSTARMike#1176,Diamond,1476,1,50,38,1.64,5,7.32,4.47,2.85,0.81,3.25,37,4056,7774,64,726,420,16,6,69,12,6,9
OneEgg#21229,Diamond,2867,3,53,32,1.41,6,10.88,7.74,2.3,0.42,3.14,68,3920,5572,69,824,271,29,12,55,7,4,28
TsamouelI#2551,Diamond,20146,27,90,43,2.18,12,12.54,5.75,2.92,0.24,5.15,83,4035,7284,83,9062,716,208,102,71,13,11,201
exy#21834,Diamond,3345,3,53,38,2.38,11,12.38,5.2,4.13,0.54,4.66,61,4328,7001,68,1723,529,44,15,64,12,7,32
seemaw#2240,Diamond,61465,52,57,44,1.95,16,12.58,6.46,3.43,0.22,4.68,61,3778,8267,100,32274,773,685,325,100,17,11,575
Johnnoac#2786,Diamond,6628,5,46,41,1.73,7,10.32,5.97,2.44,0.18,3.53,65,4290,6675,68,3970,486,54,32,64,10,7,53
mureya#2344,Diamond,4615,2,30,41,1.4,7,8.58,6.11,2.34,0,3.12,72,4023,7686,66,1631,488,44,22,80,10,7,25
PubloTheBear#1414,Diamond,2792,1,17,100,1.44,6,9.88,6.88,2.36,0,4.94,87,2690,7941,74,773,232,23,9,100,5,3,19
BleedGrn310#1416,Diamond,1371,0,23,40,1.77,11,10.07,5.69,3.06,0,4.82,116,3249,7295,68,1001,494,10,3,64,5,1,11
Gloveface#11605,Diamond,83858,69,57,51,1.82,10,9.63,5.29,2.23,0.14,3.63,54,3227,8612,100,33422,738,697,424,83,12,9,567
Flaene#21221,Diamond,66025,55,57,47,2.05,12,9.81,4.79,2.23,0.18,3.18,45,3576,8310,80,36493,951,624,355,100,18,9,462
Keeril#1391,Diamond,60467,51,59,60,1.65,11,10.19,6.18,2.19,0.08,3.76,54,3749,8361,83,26504,598,557,339,102,15,12,436
lillucyj#2446,Diamond,4931,3,39,29,1.6,6,8.4,5.23,1.58,0.12,2.43,35,3321,7960,85,1350,324,41,21,59,14,9,35
MonkeyLord#11436,Diamond,42385,40,62,52,2.68,14,11.08,4.13,2.99,0.3,3.78,50,3739,8207,76,16299,808,455,240,90,19,8,366
Tismy#1427,Diamond,425,1,100,27,5,9,14.13,2.83,5.65,0,5.65,16,4012,8133,56,360,196,3,2,50,2,2,5
Lich#1107,Diamond,2917,1,12,38,1.28,12,11.31,8.84,3.5,0.21,3.09,16,4824,6502,69,1657,340,22,16,65,6,5,28
Ainna#3232,Diamond,3289,5,71,53,3.94,15,12.95,3.28,2.01,0,3.83,63,4234,10035,76,1235,267,19,13,76,7,3,26
Shake427#1326,Diamond,55589,46,57,60,1.79,15,9.36,5.22,1.98,0.14,3.62,56,3236,8784,100,20041,689,460,266,89,13,9,379
medusa#12465,Diamond,4077,4,60,28,1.51,6,10.89,7.21,1.91,0,3.83,49,2855,10343,73,3053,729,32,23,67,9,5,41
Skidmarkz#11811,Diamond,13995,15,58,54,2.93,11,14.45,4.93,3.6,0.34,5.7,50,5770,8109,81,7014,677,147,62,86,11,6,146
oldblood#21881,Diamond,6789,4,46,40,1.66,11,9.99,6.01,3.62,0.18,4.24,60,4088,8462,88,4127,1045,62,30,76,13,6,50
Turbostar#21713,Master,11489,8,45,42,1.84,10,10.18,5.54,2.56,0.16,3.13,56,4263,6674,100,3151,462,102,41,100,12,5,80
ƁǞŊȀŊǞŊǞ#1338,Master,4573,5,67,50,2.74,9,12.6,4.59,2.76,0.26,3.67,40,5196,8646,80,2843,654,42,30,73,10,9,34
PhantomRS3#1824,Master,7067,8,65,36,1.72,9,10.95,6.37,2.63,0.17,3.91,56,4016,8051,78,2650,759,69,33,74,12,6,65
Ooper#21874,Master,76272,71,63,44,1.44,13,9.08,6.29,1.83,0.06,4.43,78,2967,9153,100,41067,928,614,377,83,11,9,522
PizzaPapst#2307,Master,4938,2,40,33,1.83,6,10.21,5.59,2.67,0.49,3.52,22,3371,8409,67,2062,875,31,22,68,9,7,46
Hamilton#11381,Master,2120,2,67,30,1.37,6,7.36,5.38,2.26,0,1.98,93,2393,7257,71,650,392,14,19,55,8,7,10
Gjini#21587,Master,16076,12,44,43,1.97,12,10.53,5.34,2.39,0.04,2.16,43,3947,8130,83,6708,453,169,86,83,13,8,136
rav3nous15#1199,Master,92997,74,56,36,1.47,10,8.54,5.81,1.99,0.13,3.16,56,3167,8998,100,35117,722,775,462,94,16,11,533
qruruq#21742,Master,68283,55,56,50,2.16,14,9.74,4.51,2.34,0.11,3.35,50,3673,8841,100,25128,730,728,324,83,18,10,492
beam#11199,Master,70002,60,59,50,2.2,12,9.78,4.45,2.49,0.27,2.45,48,3665,9876,83,25516,656,607,359,90,14,13,468
Nodox#11723,Master,6468,6,68,29,1.98,9,10.3,5.2,1.58,0.28,2.69,52,3638,8322,70,3893,709,61,36,65,12,10,53
Sxmantha#1273,Master,5076,4,44,29,1.55,6,9.34,6.03,2.13,0.12,3.19,49,3165,9139,76,2688,491,58,26,65,8,4,44
Madshu#1689,Master,12279,11,65,38,2.09,11,10.51,5.03,2.69,0.34,2.93,36,4279,7211,91,4726,705,95,50,71,10,7,92
LuckyShotz#11889,Master,118308,93,55,67,1.59,13,9.73,6.14,2.16,0.08,3.47,59,3661,7987,100,51086,800,1276,567,75,17,10,1024
MUATHIA#1856,Master,128,0,0,39,3,3,14.06,4.69,0,0,9.37,3,4026,7296,71,82,82,3,1,59,3,1,2
Fantasy#21153,Master,3549,4,53,40,1.66,6,8.12,4.9,1.35,0,2.71,48,2868,10437,77,815,208,34,15,71,9,6,17
Conventer#1380,Master,1832,1,52,32,1.05,5,7.53,7.21,1.97,0,2.62,82,3331,7894,69,1025,571,14,10,59,9,5,6
SHIXIAOYAO#1313,Master,47147,50,69,49,1.85,14,10.07,5.45,2.2,0.22,3.92,71,3318,7809,77,16936,747,351,206,98,20,9,374
WarLord#22463,Master,82779,68,58,100,1.96,12,9.34,4.77,2.46,0.14,3.57,67,2835,10767,88,30287,674,933,476,100,19,12,562
LaraCroft#11228,Master,7891,5,39,39,1.13,4,8.06,7.15,1.98,0.3,2.36,58,3269,7404,79,2660,358,62,31,69,8,4,48
LeNoX#21967,Master,100572,78,54,100,1.37,12,8.63,6.31,1.92,0.12,3.73,83,3413,8528,100,44091,804,907,453,92,14,10,713
Female#11641,Master,2951,2,40,40,1.11,5,8.33,7.52,2.44,0.2,2.64,20,2715,7929,76,1502,324,21,13,87,7,3,14
Louwee#21805,Master,2678,4,68,32,2.89,7,11.65,4.03,2.91,0,2.24,26,4030,7611,67,1542,743,27,11,63,7,3,29
TrafalgarLaw#31973,Master,2150,3,77,36,1.48,9,10.32,6.98,3.07,0.56,4.19,107,4136,6594,67,874,352,18,12,58,12,8,19
Pizzatoast#1854,Master,1830,2,49,41,2.11,10,12.46,5.9,3.28,0,2.95,33,3339,6392,83,378,162,24,8,55,10,3,20
Ikari#11556,Master,6737,6,59,39,2.42,9,11.4,4.72,2.85,0.09,3.56,59,4604,7243,73,2144,422,44,35,65,7,8,73
Auriel#21939,Master,3155,2,45,45,0.94,3,5.71,6.09,0.95,0,2.47,39,2770,8830,79,962,221,34,14,80,9,7,13
Taurus#12287,Master,92321,72,52,100,1.67,13,8.96,5.36,1.88,0.1,2.42,34,3571,8190,100,28641,684,785,437,100,15,10,599
Lumenous#11936,Master,97811,80,58,55,2.16,13,10.11,4.69,2.47,0.21,2.89,37,3297,8686,92,29134,666,855,493,85,16,11,687
Aspen#11893,Master,2716,1,18,60,0.78,2,5.52,7.07,1.1,0,1.99,73,4618,8952,89,1910,425,27,7,96,10,3,13
Jon#16858,Master,4433,2,36,39,1.7,7,10.15,5.96,2.44,0,2.57,48,4583,8312,61,1638,370,32,17,86,7,8,20
DaD#21115,Master,6094,5,61,35,1.79,16,11.13,6.2,2.17,0,5.02,78,3685,8789,77,2502,548,49,35,77,12,11,48
HereMoneyBoy#1117,Master,3986,3,46,36,1.76,10,8.73,4.97,1.35,0,2.56,22,2885,9487,74,1337,517,39,18,69,7,6,29
Pessimistic#11922,Master,4197,4,70,28,1.95,9,10.58,5.43,2.14,0,4.43,88,3102,8545,74,1600,414,37,17,62,13,5,45
JDragonX#11461,Master,9970,6,37,32,3.17,11,7.64,2.41,1.69,0.3,2.41,33,3378,9100,77,3246,477,73,57,71,10,9,68
Cubemaster#11994,Master,923,0,0,26,0.45,2,3.25,7.15,1.3,0,1.3,31,3418,9818,65,299,157,8,4,61,4,3,3
Himstri#2262,Master,55421,45,58,57,2.21,13,11.38,5.15,2.79,0.05,3.58,49,4499,8256,84,20151,634,633,243,150,25,8,458
SirMuffins#1307,Master,64641,54,57,50,1.6,15,8.86,5.55,2.3,0.11,2.81,47,3287,8514,100,24158,757,571,304,90,17,12,428
ispanka#21389,Master,6619,4,40,40,1.3,10,8.61,6.62,1.45,0.18,2.9,59,3611,7567,79,3729,525,69,23,70,10,5,40
jpdavil4#1956,Master,51436,45,57,70,1.72,13,9.41,5.47,2.4,0.26,3.37,72,3191,8732,100,26340,926,512,224,79,15,8,409
marco#3721,Master,12621,9,40,25,1.4,9,7.8,5.56,1.47,0.19,2.19,45,2623,8904,80,5065,472,115,63,68,14,8,84
Razer#11988,Master,568,1,100,26,1.33,5,8.45,6.34,0,0,2.11,30,2485,7908,68,133,90,4,2,92,3,1,2
Lovi#21821,Master,12452,10,58,45,2.07,12,11.18,5.4,2.65,0.1,4.24,89,4919,7649,71,4846,596,145,74,92,15,10,102
Gnome#22992,Master,78554,66,59,54,2.39,16,12.42,5.19,3.68,0.47,3.89,45,4578,8046,100,36987,978,740,356,80,17,11,720
ShyShannon#1808,Master,10410,11,69,40,1.38,8,7.38,5.36,1.56,0.06,2.36,60,3342,8976,78,5577,734,76,45,77,9,8,54
태태리#31864,Master,7901,5,41,38,1.56,10,9.72,6.23,2.51,0.15,3.19,53,3250,9006,73,4399,667,64,45,70,9,7,54
Beancan#1140,Master,6952,6,64,35,2.05,13,10.96,5.35,2.93,0.09,3.28,43,4138,8055,96,2696,726,69,40,73,14,8,62
GON#11293,Master,10029,9,52,38,1.82,8,9.03,4.97,2.21,0.24,3.53,59,2883,8479,82,6070,805,72,43,76,11,6,65
n0mini#2601,Master,10940,11,58,43,1.83,8,10.97,5.98,1.86,0.11,3.13,56,3504,7321,82,3623,313,116,59,69,10,8,110
HanzotoHanzo#1552,Master,3320,3,51,43,2.39,9,12.11,5.06,2.35,0,3.8,17,3836,7472,75,1127,400,31,18,67,11,4,28
PenguinSF#1474,Master,4374,3,64,43,1.36,6,6.72,4.94,1.78,0,2.74,53,3089,7595,80,353,164,37,11,71,9,4,26
CrosFitJesus#1588,Master,3876,1,18,23,1.64,5,9.13,5.57,1.86,0.15,3.41,51,3025,9394,69,638,162,39,23,59,10,7,25
TheBogomol#2354,Master,3529,6,68,44,2.07,8,10.2,4.93,1.53,0,4.59,61,3153,8553,78,1649,378,22,18,75,5,8,25
GameBoyAdmin#2779,Master,5583,3,25,46,1.1,6,7.09,6.45,1.83,0.11,1.83,27,4165,8020,71,3748,572,45,20,68,8,5,28
Disguised#21864,Master,8319,9,68,30,1.97,8,8.65,4.4,2.31,0,2.38,73,2410,8875,78,2748,432,65,68,65,12,9,49
automatic#21135,Master,7184,7,67,42,1.63,7,9.52,5.85,1.59,0.25,3.01,55,3259,6315,100,1766,350,70,35,71,8,5,63
weakeyes#2810,Master,3157,2,47,47,1.84,5,10.83,5.89,2.28,0.19,2.66,46,5315,5210,65,1336,328,29,9,71,9,3,27
Systemaa#1554,Master,8203,7,57,38,1.64,8,8.27,5.05,1.97,0.07,2.41,60,2946,7623,69,4658,834,61,34,100,9,7,43
긍정적으로살자#31284,Master,864,0,0,25,1.38,4,7.64,5.55,2.08,0,2.08,17,4042,9338,65,504,414,5,4,61,3,3,6
kofuryo#1374,Master,9599,8,49,39,1.72,11,9.38,5.44,2.25,0.25,3.25,53,3667,8188,75,2237,436,57,44,66,12,6,58
fuglaaXY#2827,Master,53660,43,59,48,1.61,14,9.22,5.74,2.46,0.23,2.18,30,4667,7613,100,24718,835,517,233,90,18,10,375
AlecRave#1784,Master,2567,3,76,32,1.52,5,8.18,5.38,1.64,0,2.34,63,3324,6906,71,1511,491,20,8,66,7,4,18
Boyanne#2415,Master,4084,2,41,34,1.62,10,8.82,5.44,1.91,0,3.82,59,4156,8304,69,1502,786,35,16,59,10,5,27
Teal#21998,Master,13987,9,43,67,2.58,11,11.5,4.46,2.96,0.3,2.06,24,4544,6520,75,5083,599,130,56,98,14,7,118
dragomati#1305,Master,35127,36,65,39,2.4,16,12.2,5.09,3.19,0.24,4.53,54,3988,7906,85,16091,793,290,208,67,10,10,348
MaeiveeTTV#2578,Master,1455,1,54,40,1.11,4,8.25,7.42,2.47,0,2.06,31,3784,8580,73,756,364,16,8,77,4,3,12
CHEPY#21475,Master,1596,1,42,34,1.39,8,9.4,6.77,2.63,0,2.26,20,4499,7355,65,648,291,13,8,63,5,3,11
Horuseus#21827,Master,4963,3,40,27,2.15,7,10.64,4.96,2.9,0,2.78,45,3219,9140,70,2095,484,36,22,64,8,6,34
PedrosGoons#2859,Master,2160,0,14,32,1.89,5,10.0,5.28,3.06,0.56,1.94,46,3773,7949,73,1216,363,22,12,66,8,5,17
Ghost#216969,Master,5843,5,71,41,2.6,12,12.53,4.83,3.39,0.51,2.67,53,4472,7546,76,1533,458,57,32,68,16,7,55
r5a#1610,Master,82711,58,49,64,1.5,9,9.94,6.64,2.34,0.14,4.69,81,3576,7585,93,39373,756,566,397,114,14,9,600
Oseni#21569,Master,2542,2,61,38,1.83,9,10.38,5.66,1.42,0,2.12,51,3255,7989,79,742,374,24,8,58,12,4,19
Youqi#2529,Master,7032,5,49,28,1.5,6,8.7,5.8,1.37,0.09,2.73,38,2759,9207,86,2963,472,76,34,66,13,9,39
MEGATRON26#21168,Master,51481,40,56,33,1.56,8,8.6,5.51,2.12,0.19,3.11,64,3045,9885,100,17154,1051,413,214,75,14,11,378
KOOOOOOOSINA#3934,Master,53094,43,51,100,2.34,13,10.4,4.44,2.63,0.24,2.6,34,3942,10135,93,19948,750,409,230,100,11,11,441
Krash#21414,Master,4629,5,68,40,1.29,6,8.04,6.22,2.72,0.39,4.02,68,3532,7560,71,1708,306,39,18,64,9,6,25
Gorilla#11477,Master,92272,76,59,47,1.87,15,9.32,4.97,2.52,0.2,2.57,37,3780,8801,100,36005,889,706,396,81,18,8,600
JimmCee#1965,Master,9666,9,71,36,2.52,9,10.8,4.28,2.11,0,3.72,75,3867,7765,100,2717,334,84,52,100,12,8,64
Venus#12325,Master,2299,2,50,23,2.11,8,9.92,4.7,2.35,0.52,2.61,28,2781,9669,69,772,441,11,10,64,8,5,17
MonsterCxxx#2119,Grandmaster,21573,18,53,50,1.86,9,9.07,4.87,2.39,0.22,3.2,60,3327,8745,100,8155,612,198,94,75,10,6,162
Meowchiǃ#1219,Grandmaster,53866,56,70,100,2.16,13,12.06,5.58,3.03,0.31,4.24,49,4946,9790,98,27900,891,415,304,103,16,9,240
Gorilla#11477,Grandmaster,92272,76,59,47,1.87,15,9.32,4.97,2.52,0.2,2.57,37,3780,8801,100,36005,889,706,396,81,18,8,600
ONI#15215,Grandmaster,3461,3,57,34,2.83,7,11.79,4.16,2.25,0.17,2.25,20,4255,7594,68,1235,414,37,10,60,10,4,35
SLEEPWELL#21854,Grandmaster,84455,70,55,52,2.03,12,10.46,5.16,2.9,0.21,2.76,37,4706,9127,77,40644,1055,626,447,88,13,12,600
Yuqi#11397,Grandmaster,42887,37,59,48,1.72,9,10.45,6.07,2.53,0.15,4.02,49,3524,11305,100,23786,851,375,288,79,12,12,327
KDM#21147,Grandmaster,64796,50,54,48,1.72,15,9.33,5.42,2.82,0.25,2.23,28,3987,9943,100,31722,1538,653,261,93,18,10,459
Aspen#11893,Grandmaster,2716,1,18,60,0.78,2,5.52,7.07,1.1,0,1.99,73,4618,8952,89,1910,425,27,7,96,10,3,13
Xanthophobic#1743,Grandmaster,23939,22,59,43,1.95,12,10.18,5.21,2.46,0.23,2.53,27,3833,8731,79,10837,782,175,105,84,9,8,210
Zulex#11746,Grandmaster,1223,2,67,31,4.2,8,10.3,2.45,1.47,0,2.94,42,4517,8090,69,665,529,15,4,70,9,3,10
NightRaven#1135552,Grandmaster,65464,54,60,60,1.39,10,8.71,6.25,2.16,0.16,2.84,58,3342,8265,86,32312,744,573,300,110,13,9,475
sleepy#23325,Grandmaster,91125,61,47,53,1.44,11,8.23,5.73,1.96,0.13,2.15,39,3255,10187,100,48742,1208,810,454,100,23,13,606
Fantasy#21153,Grandmaster,3549,4,53,40,1.66,6,8.12,4.9,1.35,0,2.71,48,2868,10437,77,815,208,34,15,71,9,6,17
Louwee#21805,Grandmaster,2678,4,68,32,2.89,7,11.65,4.03,2.91,0,2.24,26,4030,7611,67,1542,743,27,11,63,7,3,29
Uta#21122,Grandmaster,5542,4,51,35,1.52,7,7.9,5.2,2.27,0.32,1.73,35,3030,9112,81,1824,342,34,24,82,5,7,37
Jon#16858,Grandmaster,4433,2,36,39,1.7,7,10.15,5.96,2.44,0,2.57,48,4583,8312,61,1638,370,32,17,86,7,8,20
Palad1n#11975,Grandmaster,48720,43,61,49,1.71,8,9.01,5.28,2.19,0.15,2.99,52,3554,9526,82,16987,769,288,279,81,13,11,274
ShyShannon#1808,Grandmaster,10410,11,69,40,1.38,8,7.38,5.36,1.56,0.06,2.36,60,3342,8976,78,5577,734,76,45,77,9,8,54
Poko#2323,Grandmaster,31900,26,55,54,1.58,9,9.39,5.92,2.05,0.09,2.76,58,3658,8736,88,15802,800,367,173,89,17,9,245
Sadppy#2721,Grandmaster,64334,45,53,40,1.59,14,7.4,4.66,1.72,0.2,2.02,48,3234,9669,100,23287,834,545,275,77,14,9,389
Mauve#11961,Grandmaster,15723,16,69,48,3.01,21,12.97,4.31,3.97,0.31,3.82,38,5509,8630,75,8230,649,148,81,71,12,10,148
Pandakip#1593,Grandmaster,5860,4,46,26,1.07,5,6.66,6.25,2.25,0,2.97,80,3040,9058,80,2440,651,55,21,66,15,6,29
Otos#11227,Grandmaster,5118,2,35,43,1.55,6,7.97,5.16,1.76,0,1.76,38,3565,9446,72,1970,401,37,10,70,9,3,28
HealingAndy#1413,Grandmaster,1163,1,50,42,1.36,9,9.8,7.22,2.06,0,2.58,25,3840,6926,74,267,140,4,10,58,1,6,10
Ivy#23376,Grandmaster,3854,2,49,29,1.22,6,7.78,6.38,2.49,0.31,1.87,51,3724,8011,80,1976,781,25,15,55,9,10,19
ŦhisAndŦhatǶ#1363,Grandmaster,710,1,100,19,1.6,4,6.76,4.22,1.69,0,3.38,36,2684,7870,72,211,149,8,1,64,7,1,3
viixian#1588,Grandmaster,85530,60,50,37,1.54,8,7.74,5.01,1.59,0.08,2.71,54,2849,8568,91,36271,791,566,386,80,11,10,508
ДэнГаубица#2481,Grandmaster,12967,13,61,39,2.03,10,11.38,5.6,2.45,0.37,3.1,45,4116,7975,71,5718,555,108,54,69,10,5,111
babydoll#11935,Grandmaster,145,0,0,25,0,0,0,12.44,0,0,0,3,2112,5719,50,90,90,1,0,49,1,0,0
Mookie#11235,Grandmaster,7955,8,65,35,1.76,14,9.28,5.28,2.19,0.23,2.87,44,3116,9422,79,3331,659,64,37,79,11,6,53
Huntin#11507,Grandmaster,1674,2,90,27,2.64,7,10.39,3.94,2.51,0,3.23,49,3865,9770,70,522,360,9,8,73,5,6,17
AOY#21963,Grandmaster,11925,11,64,34,1.8,10,9.71,5.38,2.47,0.15,2.72,47,3862,8133,83,6132,736,118,44,71,12,7,105
BirbHouse17#1246,Grandmaster,42491,31,54,37,1.46,9,9.31,6.37,2.15,0.1,3.67,64,3039,8322,100,20266,702,344,187,87,11,8,289
Phoenix#216393,Grandmaster,968,0,0,25,2,7,12.4,6.2,3.1,0,2.48,25,3822,7922,60,353,353,8,5,46,5,5,9
UltraViolet#11810,Grandmaster,5535,6,72,38,2.77,11,12.9,4.66,2.82,0,4.12,38,4090,9889,78,2374,376,43,31,82,9,8,47
Dande#21573,Grandmaster,17021,17,66,38,2.67,11,10.15,3.81,2.4,0.18,3.49,59,3271,10819,79,6383,582,143,109,82,13,12,119
PAK#21139,Grandmaster,4211,6,77,37,2.18,10,10.26,4.7,1.57,0.14,2.42,60,4389,8982,76,1868,448,38,25,77,9,5,34
Five#11696,Grandmaster,2104,2,45,41,1.67,6,8.56,5.13,2.0,0,1.71,15,3493,8452,76,1271,577,20,11,75,5,5,8
XPJmc#2762,Grandmaster,34593,26,52,44,1.74,12,9.59,5.52,2.27,0.12,2.29,43,4318,8876,100,16534,817,326,176,80,14,9,271
AnaDiff#2866,Grandmaster,26426,20,57,100,1.25,8,8.01,6.43,1.95,0.2,2.61,52,3342,8900,100,10976,663,242,118,100,15,12,180
Nelse#1258,Grandmaster,5128,3,45,43,1.53,9,8.77,5.73,1.87,0.12,2.81,28,3866,9979,100,3092,546,40,17,83,11,4,30
caboose#12441,Grandmaster,32774,27,56,51,2.29,12,10.76,4.7,2.75,0.16,2.67,24,4162,8850,75,10040,558,290,160,93,16,12,266
Baxter#21950,Grandmaster,3378,1,25,47,1.84,7,10.13,5.51,3.38,0.18,1.78,41,5269,8523,86,1515,666,37,17,75,18,7,25
Snottyfinga#1909,Grandmaster,4345,4,68,36,1.91,7,8.98,4.7,2.49,0.41,2.76,31,3671,9690,71,2280,637,32,17,86,10,4,33
nou#21556,Grandmaster,39,0,100,44,1,1,15.34,15.34,15.34,0,0,0,4959,3539,100,0,0,0,0,67,0,0,1
ExTorr#11450,Grandmaster,4934,2,29,38,1.13,6,6.57,5.84,1.46,0,1.46,21,3561,10057,75,2422,647,46,9,77,10,2,26
LeBanana#11944,Grandmaster,5325,6,80,48,2.8,7,11.04,3.94,3.04,0.34,2.03,33,4304,8027,93,1857,489,35,22,81,9,4,45
ForFox#1925,Grandmaster,452,0,5,47,1.33,2,5.3,3.98,1.33,0,2.65,54,3380,9379,74,53,51,3,2,57,2,2,2
yoko#21137,Grandmaster,1344,2,67,25,1.5,5,6.69,4.46,1.79,0,1.79,23,3447,8949,70,335,191,21,5,51,12,5,10
Soartex#11530,Grandmaster,3805,3,47,48,1.55,9,9.3,5.99,1.26,0,2.52,43,3677,8381,75,1627,342,29,17,82,7,5,28
Source#11128,Grandmaster,530,0,60,46,1.67,4,5.66,3.39,1.13,0,2.26,196,3991,5392,59,160,90,2,5,65,1,3,2
awkward#21104,Grandmaster,3495,2,42,44,2.5,8,10.3,4.12,3.09,0,1.89,19,6412,7876,79,1036,323,42,16,71,14,5,19
SoloZen#1334,Grandmaster,1260,2,100,23,0.9,3,4.29,4.76,0.48,0,1.91,6,2887,8461,75,326,236,9,6,66,5,3,3
PizzaDemon#1768,Grandmaster,7412,6,63,47,1.66,9,8.34,5.02,2.27,0.08,1.94,31,3558,8675,100,4383,736,35,34,119,5,6,48
Gaisen#11393,Grandmaster,3255,1,35,50,2.26,6,11.24,4.98,3.32,0.18,4.05,32,3980,9540,79,1181,508,28,10,70,12,4,28
MDHcool#1823,Grandmaster,22113,20,63,100,1.82,11,8.6,4.72,1.66,0.08,2.82,49,3431,8909,100,9711,694,188,96,100,13,8,133
FEUR#21592,Grandmaster,17603,15,60,48,1.85,9,10.09,5.45,2.79,0.1,2.11,37,4553,8984,82,8057,885,167,88,78,15,11,131
oPuTo#1727,Grandmaster,30073,26,53,44,1.43,8,8.54,5.97,2.47,0.18,2.33,45,3742,8665,80,11955,616,243,122,82,11,8,183
envii#21533,Grandmaster,3081,1,24,48,1.18,5,9.15,7.79,2.14,0.19,2.14,34,3884,8527,80,1147,252,20,7,78,5,3,20
Cloud#16925,Grandmaster,20792,17,56,51,1.86,12,10.56,5.68,3.06,0.32,3.09,37,3748,9017,100,7204,491,161,112,75,9,7,190
ShartCandy#1751,Grandmaster,18907,15,55,45,1.85,10,10.15,5.49,2.38,0.13,2.76,35,4075,8229,83,5966,536,165,108,78,11,10,139
moosey#11171,Grandmaster,27067,18,49,60,1.5,11,8.6,5.72,2.04,0.13,2.97,58,3221,9356,100,13404,756,260,115,93,11,11,190
NYX#23568,Grandmaster,25026,22,61,40,1.73,8,9.42,5.44,2.42,0,2.88,57,3880,7916,82,9259,692,196,108,84,11,8,168
ta1yo#1607,Grandmaster,440,0,100,32,3.67,5,15.0,4.09,2.73,0,2.73,1,6486,7723,64,60,60,5,4,53,5,4,7
Zembii#1184,Grandmaster,3685,4,57,51,3.4,7,11.07,3.26,2.12,0,3.58,22,5292,7952,74,1380,420,48,22,74,11,6,26
BySnow#2871,Grandmaster,1854,0,0,38,1.3,9,9.71,7.44,2.27,0,0.97,43,3512,7235,64,730,249,17,8,70,8,5,16
NolanCoronaV#1511,Grandmaster,14348,12,59,53,1.9,12,9.95,5.23,2.3,0.25,2.34,32,4681,8709,87,6297,594,143,78,76,11,9,111
Ashu#31519,Grandmaster,15758,15,66,46,1.71,9,9.14,5.33,1.64,0,2.89,50,3713,9745,82,7202,540,130,86,83,12,10,96
UnfixedPlain#2761,Grandmaster,3046,3,59,34,1.14,6,6.3,5.52,1.58,0,1.58,17,2886,9782,72,1688,519,15,9,78,6,4,16
Veni#11747,Grandmaster,3578,3,50,39,1.41,7,9.22,6.54,2.35,0,2.52,65,4053,7475,71,1772,522,29,13,73,7,5,25
Flame#12770,Grandmaster,2279,2,41,26,2.29,6,10.27,4.48,1.58,0,1.58,35,2896,9642,75,560,167,18,11,80,4,4,21
Smato1012#2722,Grandmaster,4398,4,58,45,3,11,12.69,4.23,2.46,0,4.78,75,4656,7856,80,1740,535,42,19,89,15,6,43
SF1#21416,Grandmaster,1271,1,44,21,1.07,6,7.56,7.08,4.25,0,3.31,55,3090,6831,60,808,432,11,4,70,5,2,8
Renko#11209,Grandmaster,2976,4,72,32,1.65,5,8.67,5.24,2.22,0,2.42,47,3939,9900,77,1362,486,22,22,68,7,5,18
Floomfie#1648,Grandmaster,20795,15,55,50,1.45,10,8.54,5.89,1.9,0.29,2.42,47,3228,9272,82,10880,731,164,100,120,12,8,134
Scorch#11714,Grandmaster,6603,7,66,50,1.73,9,9.45,5.45,1.64,0.27,2.27,27,3369,7723,73,2029,558,40,24,64,4,4,42
Lieven#11835,Grandmaster,4563,5,62,31,1.38,7,8.15,5.92,1.45,0.13,2.89,22,3170,8988,81,2395,476,42,30,68,12,8,28
Jejudo#11437,Grandmaster,801,1,100,17,2.14,7,11.24,5.24,2.25,0,3.75,12,2620,10000,69,435,435,9,6,51,9,6,7
UnUm#21826,Grandmaster,20374,18,63,41,1.42,8,7.27,5.12,1.53,0.09,1.94,51,3315,8909,80,10259,982,143,77,77,9,7,100
